name,terminal_type,zone,division,state,city,latitude,longitude,operator,capacity_notes,source_url,matched_station_code
Vadalapudi,gct,ECoR,WAT,Andhra Pradesh,Vadalapudi,,,,identified/proposed GCT (PIB 2023 annexure; tentative); no coordinate match,https://www.pib.gov.in/PressReleasePage.aspx?PRID=1910049,
Jaggayyapet,gct,SCR,SC,Andhra Pradesh,Jaggayyapet,,,,identified/proposed GCT (PIB 2023 annexure; tentative); no coordinate match,https://www.pib.gov.in/PressReleasePage.aspx?PRID=1910049,
Krishnapatnam,gct,SCR,BZA,Andhra Pradesh,Krishnapatnam,14.253,80.133,,coordinate from hub dataset (ports.csv); identified/proposed GCT (PIB 2023),https://www.pib.gov.in/PressReleasePage.aspx?PRID=1910049,
Kamalajari,gct,NFR,LMG,Assam,Kamalajari,20.36971,85.83802,,identified/proposed GCT (PIB 2023 annexure; tentative),https://www.pib.gov.in/PressReleasePage.aspx?PRID=1910049,KJR
Ramnagar FCI GCT Terminal,gct,NFR,LMG,Assam,Ramnagar FCI GCT Terminal,,,,identified/proposed GCT (PIB 2023 annexure; tentative); no coordinate match,https://www.pib.gov.in/PressReleasePage.aspx?PRID=1910049,
Bihara,gct,NFR,LMG,Assam,Bihara,24.96282,92.68905,,identified/proposed GCT (PIB 2023 annexure; tentative),https://www.pib.gov.in/PressReleasePage.aspx?PRID=1910049,BHZ
Jogighopa,gct,NFR,Rangiya,Assam,Jogighopa,26.24154,90.57638,,identified/proposed GCT (PIB 2023 annexure; tentative),https://www.pib.gov.in/PressReleasePage.aspx?PRID=1910049,JPZ
Baihata,gct,NFR,Rangiya,Assam,Baihata,26.34371,91.68434,,identified/proposed GCT (PIB 2023 annexure; tentative),https://www.pib.gov.in/PressReleasePage.aspx?PRID=1910049,BIZ
Chamua,gct,ECR,SPJ,Bihar,Chamua,27.1377,84.40083,,identified/proposed GCT (PIB 2023 annexure; tentative),https://www.pib.gov.in/PressReleasePage.aspx?PRID=1910049,CAMU
Budhma,gct,ECR,SPJ,Bihar,Budhma,25.90277,86.85701,,identified/proposed GCT (PIB 2023 annexure; tentative),https://www.pib.gov.in/PressReleasePage.aspx?PRID=1910049,BDMA
Semra,gct,ECR,SPJ,Bihar,Semra,26.71195,84.8137,,identified/proposed GCT (PIB 2023 annexure; tentative),https://www.pib.gov.in/PressReleasePage.aspx?PRID=1910049,SRA
Bhelwa,gct,ECR,SPJ,Bihar,Bhelwa,26.99413,84.77836,,identified/proposed GCT (PIB 2023 annexure; tentative),https://www.pib.gov.in/PressReleasePage.aspx?PRID=1910049,BLV
Mansi,gct,ECR,SEE,Bihar,Mansi,25.5094,86.55445,,identified/proposed GCT (PIB 2023 annexure; tentative),https://www.pib.gov.in/PressReleasePage.aspx?PRID=1910049,MNE
Pasraha,gct,ECR,SEE,Bihar,Pasraha,25.40376,86.74388,,identified/proposed GCT (PIB 2023 annexure; tentative),https://www.pib.gov.in/PressReleasePage.aspx?PRID=1910049,PSR
Khudiram Bose Pusa,gct,ECR,SEE,Bihar,Khudiram Bose Pusa,25.90643,85.67268,,identified/proposed GCT (PIB 2023 annexure; tentative),https://www.pib.gov.in/PressReleasePage.aspx?PRID=1910049,KRBP
Amagura,gct,ECoR,WAT,Chhattisgarh,Amagura,19.0681,82.14734,,identified/proposed GCT (PIB 2023 annexure; tentative),https://www.pib.gov.in/PressReleasePage.aspx?PRID=1910049,AGZ
Lajkura,gct,SECR,BSP,Chhattisgarh,Lajkura,21.80902,83.88827,,identified/proposed GCT (PIB 2023 annexure; tentative),https://www.pib.gov.in/PressReleasePage.aspx?PRID=1910049,LJKR
Narela,gct,NR,DLI,Delhi,Narela,28.84689,77.08573,,identified/proposed GCT (PIB 2023 annexure; tentative),https://www.pib.gov.in/PressReleasePage.aspx?PRID=1910049,NUR
Kayavarohan,gct,WR,BRC,Gujarat,Kayavarohan,,,,identified/proposed GCT (PIB 2023 annexure; tentative); no coordinate match,https://www.pib.gov.in/PressReleasePage.aspx?PRID=1910049,
Virochan Nagar,gct,WR,ADI,Gujarat,Virochan Nagar,23.07848,72.19618,,identified/proposed GCT (PIB 2023 annexure; tentative),https://www.pib.gov.in/PressReleasePage.aspx?PRID=1910049,VCN
Makansar,gct,WR,RJT,Gujarat,Makansar,22.76035,70.90609,,identified/proposed GCT (PIB 2023 annexure; tentative),https://www.pib.gov.in/PressReleasePage.aspx?PRID=1910049,MU
Farukh Nagar,gct,NR,DLI,Haryana,Farukh Nagar,28.46707,76.82849,,identified/proposed GCT (PIB 2023 annexure; tentative),https://www.pib.gov.in/PressReleasePage.aspx?PRID=1910049,FN
Lahli,gct,NWR,BKN,Haryana,Lahli,28.85432,76.44534,,identified/proposed GCT (PIB 2023 annexure; tentative),https://www.pib.gov.in/PressReleasePage.aspx?PRID=1910049,LHLL
Bhattu,gct,NWR,BKN,Haryana,Bhattu,29.38732,75.34013,,identified/proposed GCT (PIB 2023 annexure; tentative),https://www.pib.gov.in/PressReleasePage.aspx?PRID=1910049,BHT
Naultha,gct,NR,DLI,Haryana,Naultha,29.31879,76.88971,,identified/proposed GCT (PIB 2023 annexure; tentative),https://www.pib.gov.in/PressReleasePage.aspx?PRID=1910049,NLH
Palwal,gct,NR,DLI,Haryana,Palwal,28.15184,77.34223,,identified/proposed GCT (PIB 2023 annexure; tentative),https://www.pib.gov.in/PressReleasePage.aspx?PRID=1910049,PWL
Chintpurni Marg,gct,NR,UMB,Himachal Pradesh,Chintpurni Marg,,,,identified/proposed GCT (PIB 2023 annexure; tentative); no coordinate match,https://www.pib.gov.in/PressReleasePage.aspx?PRID=1910049,
Shivpoor,gct,ECR,DHN,Jharkhand,Shivpoor,,,,identified/proposed GCT (PIB 2023 annexure; tentative); no coordinate match,https://www.pib.gov.in/PressReleasePage.aspx?PRID=1910049,
Phulbasiya,gct,ECR,DHN,Jharkhand,Phulbasiya,,,,identified/proposed GCT (PIB 2023 annexure; tentative); no coordinate match,https://www.pib.gov.in/PressReleasePage.aspx?PRID=1910049,
Shivpur - Godawari Commodity Pvt. Ltd.,gct,ECR,DHN,Jharkhand,Shivpur - Godawari Commodity Pvt. Ltd.,25.43844,77.63825,,identified/proposed GCT (PIB 2023 annexure; tentative),https://www.pib.gov.in/PressReleasePage.aspx?PRID=1910049,SVPI
Jarangdih,gct,ECR,DHN,Jharkhand,Jarangdih,23.76955,85.92881,,identified/proposed GCT (PIB 2023 annexure; tentative),https://www.pib.gov.in/PressReleasePage.aspx?PRID=1910049,JAN
Gua,gct,SER,CKP,Jharkhand,Gua,22.21852,85.3819,,identified/proposed GCT (PIB 2023 annexure; tentative),https://www.pib.gov.in/PressReleasePage.aspx?PRID=1910049,GUA
Hirenanduru,gct,CR,SUR,Karnataka,Hirenanduru,17.25822,76.87221,,identified/proposed GCT (PIB 2023 annexure; tentative),https://www.pib.gov.in/PressReleasePage.aspx?PRID=1910049,HQR
Wadi,gct,CR,SUR,Karnataka,Wadi,14.13792,76.20257,,identified/proposed GCT (PIB 2023 annexure; tentative),https://www.pib.gov.in/PressReleasePage.aspx?PRID=1910049,CKVD
Balaramapuram,gct,SR,TVC,Kerala,Balaramapuram,8.43011,77.05132,,identified/proposed GCT (PIB 2023 annexure; tentative),https://www.pib.gov.in/PressReleasePage.aspx?PRID=1910049,BRAM
Nipania,gct,SECR,R,Madhya Pradesh,Nipania,21.82643,82.04428,,identified/proposed GCT (PIB 2023 annexure; tentative),https://www.pib.gov.in/PressReleasePage.aspx?PRID=1910049,NPI
Taloja Panchanand,gct,CR,Mumbai,Maharashtra,Taloja Panchanand,19.0789,73.08732,,identified/proposed GCT (PIB 2023 annexure; tentative),https://www.pib.gov.in/PressReleasePage.aspx?PRID=1910049,TPND
New Makardhokda,gct,CR,NGP,Maharashtra,New Makardhokda,12.925,74.833,,coordinate from hub dataset (ports.csv); identified/proposed GCT (PIB 2023),https://www.pib.gov.in/PressReleasePage.aspx?PRID=1910049,
Ghuggus,gct,CR,NGP,Maharashtra,Ghuggus,,,,identified/proposed GCT (PIB 2023 annexure; tentative); no coordinate match,https://www.pib.gov.in/PressReleasePage.aspx?PRID=1910049,
Moorsa,gct,CR,NGP,Maharashtra,Moorsa,,,,identified/proposed GCT (PIB 2023 annexure; tentative); no coordinate match,https://www.pib.gov.in/PressReleasePage.aspx?PRID=1910049,
Sindi,gct,CR,NGP,Maharashtra,Sindi,20.81645,78.88334,,identified/proposed GCT (PIB 2023 annexure; tentative),https://www.pib.gov.in/PressReleasePage.aspx?PRID=1910049,SNI
Kalmeshwar,gct,CR,NGP,Maharashtra,Kalmeshwar,21.22907,78.91586,,identified/proposed GCT (PIB 2023 annexure; tentative),https://www.pib.gov.in/PressReleasePage.aspx?PRID=1910049,KSWR
Patas,gct,CR,Pune,Maharashtra,Patas,18.47327,74.46965,,identified/proposed GCT (PIB 2023 annexure; tentative),https://www.pib.gov.in/PressReleasePage.aspx?PRID=1910049,PAA
Varangaon,gct,CR,BSL,Maharashtra,Varangaon,21.00971,75.90066,,identified/proposed GCT (PIB 2023 annexure; tentative),https://www.pib.gov.in/PressReleasePage.aspx?PRID=1910049,VNA
Lonavala-Malavli,gct,CR,Pune,Maharashtra,Lonavala-Malavli,,,,identified/proposed GCT (PIB 2023 annexure; tentative); no coordinate match,https://www.pib.gov.in/PressReleasePage.aspx?PRID=1910049,
Palasdari,gct,CR,Mumbai,Maharashtra,Palasdari,18.88409,73.32055,,identified/proposed GCT (PIB 2023 annexure; tentative),https://www.pib.gov.in/PressReleasePage.aspx?PRID=1910049,PDI
Kalamboli,gct,CR,Mumbai,Maharashtra,Kalamboli,19.03562,73.11481,,identified/proposed GCT (PIB 2023 annexure; tentative),https://www.pib.gov.in/PressReleasePage.aspx?PRID=1910049,KLMC
Dinegaon,gct,SCR,NED,Maharashtra,Dinegaon,,,,identified/proposed GCT (PIB 2023 annexure; tentative); no coordinate match,https://www.pib.gov.in/PressReleasePage.aspx?PRID=1910049,
Khongsang,gct,NFR,LMG,Manipur,Khongsang,,,,identified/proposed GCT (PIB 2023 annexure; tentative); no coordinate match,https://www.pib.gov.in/PressReleasePage.aspx?PRID=1910049,
Machhapur,gct,ECoR,KUR,Odisha,Machhapur,20.569,85.76891,,identified/proposed GCT (PIB 2023 annexure; tentative),https://www.pib.gov.in/PressReleasePage.aspx?PRID=1910049,MZY
Talcher,gct,ECoR,KUR,Odisha,Talcher,20.88665,85.20793,,identified/proposed GCT (PIB 2023 annexure; tentative),https://www.pib.gov.in/PressReleasePage.aspx?PRID=1910049,TLHD
Sukinda Road,gct,ECoR,KUR,Odisha,Sukinda Road,20.97127,86.05375,,identified/proposed GCT (PIB 2023 annexure; tentative),https://www.pib.gov.in/PressReleasePage.aspx?PRID=1910049,SKND
Jaipur Keonjhar Road,gct,ECoR,KUR,Odisha,Jaipur Keonjhar Road,20.94354,86.13252,,identified/proposed GCT (PIB 2023 annexure; tentative),https://www.pib.gov.in/PressReleasePage.aspx?PRID=1910049,JJKR
Paradeep,gct,ECoR,KUR,Odisha,Paradeep,,,,identified/proposed GCT (PIB 2023 annexure; tentative); no coordinate match,https://www.pib.gov.in/PressReleasePage.aspx?PRID=1910049,
Chhina,gct,NR,FZR,Punjab,Chhina,31.90226,75.27199,,identified/proposed GCT (PIB 2023 annexure; tentative),https://www.pib.gov.in/PressReleasePage.aspx?PRID=1910049,CHN
Kathunangal,gct,NR,FZR,Punjab,Kathunangal,31.7287,75.01519,,identified/proposed GCT (PIB 2023 annexure; tentative),https://www.pib.gov.in/PressReleasePage.aspx?PRID=1910049,KNG
Ladhuka,gct,NR,FZR,Punjab,Ladhuka,30.49849,74.11961,,identified/proposed GCT (PIB 2023 annexure; tentative),https://www.pib.gov.in/PressReleasePage.aspx?PRID=1910049,LDK
Sanehwal,gct,NR,FZR,Punjab,Sanehwal,30.83744,75.9795,,identified/proposed GCT (PIB 2023 annexure; tentative),https://www.pib.gov.in/PressReleasePage.aspx?PRID=1910049,SNL
Chajli,gct,NR,UMB,Punjab,Chajli,30.04299,75.81229,,identified/proposed GCT (PIB 2023 annexure; tentative),https://www.pib.gov.in/PressReleasePage.aspx?PRID=1910049,CJL
Samba,gct,NR,FZR,Punjab,Samba,32.52836,75.12026,,identified/proposed GCT (PIB 2023 annexure; tentative),https://www.pib.gov.in/PressReleasePage.aspx?PRID=1910049,SMBX
Bhadwasi,gct,NWR,JU,Rajasthan,Bhadwasi,27.31136,73.66302,,identified/proposed GCT (PIB 2023 annexure; tentative),https://www.pib.gov.in/PressReleasePage.aspx?PRID=1910049,BWS
Ras Babra,gct,NWR,AII,Rajasthan,Ras Babra,22.55,88.33,,coordinate from hub dataset (ports.csv); identified/proposed GCT (PIB 2023),https://www.pib.gov.in/PressReleasePage.aspx?PRID=1910049,
Tondiarpet Marshalling Yard,gct,SR,MAS,Tamil Nadu,Tondiarpet Marshalling Yard,13.13,80.29,,coordinate from hub dataset (icds.csv); identified/proposed GCT (PIB 2023),https://www.pib.gov.in/PressReleasePage.aspx?PRID=1910049,
Uttangal Mangalam,gct,SR,TPJ,Tamil Nadu,Uttangal Mangalam,11.53504,79.41916,,identified/proposed GCT (PIB 2023 annexure; tentative),https://www.pib.gov.in/PressReleasePage.aspx?PRID=1910049,UMG
Mappedu,gct,SR,MAS,Tamil Nadu,Mappedu,,,,identified/proposed GCT (PIB 2023 annexure; tentative); no coordinate match,https://www.pib.gov.in/PressReleasePage.aspx?PRID=1910049,
Ramagundam,gct,SCR,SC,Telangana,Ramagundam,18.76333,79.4351,,identified/proposed GCT (PIB 2023 annexure; tentative),https://www.pib.gov.in/PressReleasePage.aspx?PRID=1910049,RDM
Uppalvai,gct,SCR,HYB,Telangana,Uppalvai,18.42489,78.31611,,identified/proposed GCT (PIB 2023 annexure; tentative),https://www.pib.gov.in/PressReleasePage.aspx?PRID=1910049,UPW
Jankampet,gct,SCR,HYB,Telangana,Jankampet,18.70264,78.05386,,identified/proposed GCT (PIB 2023 annexure; tentative),https://www.pib.gov.in/PressReleasePage.aspx?PRID=1910049,JKM
Vishnupuram,gct,SCR,HYB,Telangana,Vishnupuram,16.70451,79.63879,,identified/proposed GCT (PIB 2023 annexure; tentative),https://www.pib.gov.in/PressReleasePage.aspx?PRID=1910049,VNUP
Salaibanwa,gct,ECR,DHN,Uttar Pradesh,Salaibanwa,24.42121,83.0089,,identified/proposed GCT (PIB 2023 annexure; tentative),https://www.pib.gov.in/PressReleasePage.aspx?PRID=1910049,SLBN
Sathnaraini,gct,NCR,PRYJ,Uttar Pradesh,Sathnaraini,25.79532,81.03942,,identified/proposed GCT (PIB 2023 annexure; tentative),https://www.pib.gov.in/PressReleasePage.aspx?PRID=1910049,SNIE
Etah,gct,NCR,PRYJ,Uttar Pradesh,Etah,27.57117,78.65392,,identified/proposed GCT (PIB 2023 annexure; tentative),https://www.pib.gov.in/PressReleasePage.aspx?PRID=1910049,ETAH
Tinich,gct,NER,LJN,Uttar Pradesh,Tinich,26.88228,82.63971,,identified/proposed GCT (PIB 2023 annexure; tentative),https://www.pib.gov.in/PressReleasePage.aspx?PRID=1910049,TH
Lar Road,gct,NER,BSB,Uttar Pradesh,Lar Road,26.21389,83.91018,,identified/proposed GCT (PIB 2023 annexure; tentative),https://www.pib.gov.in/PressReleasePage.aspx?PRID=1910049,LRD
Campieganj,gct,NER,LJN,Uttar Pradesh,Campieganj,27.05777,83.26738,,identified/proposed GCT (PIB 2023 annexure; tentative),https://www.pib.gov.in/PressReleasePage.aspx?PRID=1910049,CM
Noli,gct,NR,DLI,Uttar Pradesh,Noli,28.74657,77.31077,,identified/proposed GCT (PIB 2023 annexure; tentative),https://www.pib.gov.in/PressReleasePage.aspx?PRID=1910049,NOLI
Shriraj Nagar,gct,NR,LKO,Uttar Pradesh,Shriraj Nagar,26.52263,81.07784,,identified/proposed GCT (PIB 2023 annexure; tentative),https://www.pib.gov.in/PressReleasePage.aspx?PRID=1910049,SAGR
Dhamora,gct,NR,MB,Uttar Pradesh,Dhamora,28.70713,79.08774,,identified/proposed GCT (PIB 2023 annexure; tentative),https://www.pib.gov.in/PressReleasePage.aspx?PRID=1910049,DAM
Janai Road,gct,ER,HWH,West Bengal,Janai Road,22.72238,88.26511,,identified/proposed GCT (PIB 2023 annexure; tentative),https://www.pib.gov.in/PressReleasePage.aspx?PRID=1910049,JOX
Andal Jn,gct,ER,ASN,West Bengal,Andal Jn,23.57901,87.18119,,identified/proposed GCT (PIB 2023 annexure; tentative),https://www.pib.gov.in/PressReleasePage.aspx?PRID=1910049,UDL
Haripal,gct,ER,HWH,West Bengal,Haripal,22.83116,88.11854,,identified/proposed GCT (PIB 2023 annexure; tentative),https://www.pib.gov.in/PressReleasePage.aspx?PRID=1910049,HPL
Barabani,gct,ER,ASN,West Bengal,Barabani,26.93534,81.18104,,identified/proposed GCT (PIB 2023 annexure; tentative),https://www.pib.gov.in/PressReleasePage.aspx?PRID=1910049,BBK
Deotala,gct,NFR,Katihar,West Bengal,Deotala,25.27433,88.29421,,identified/proposed GCT (PIB 2023 annexure; tentative),https://www.pib.gov.in/PressReleasePage.aspx?PRID=1910049,DOTL
Balurghat,gct,NFR,Katihar,West Bengal,Balurghat,25.23265,88.75764,,identified/proposed GCT (PIB 2023 annexure; tentative),https://www.pib.gov.in/PressReleasePage.aspx?PRID=1910049,BLGT
