census_district_code,state,district,Population,Male,Female,Literate,Workers,Cultivator_Workers,Agricultural_Workers,Secondary_Education,Higher_Education,Graduate_Education,Age_Group_0_29,Age_Group_30_49,Age_Group_50
1,Jammu And Kashmir,Kupwara,870354,474190,396164,439654,229064,34680,56759,74948,39709,21751,600759,178435,89679
2,Jammu And Kashmir,Badgam,753745,398041,355704,335649,214866,55299,36630,66459,41367,27950,503223,160933,88978
3,Jammu And Kashmir,Leh(Ladakh),133487,78971,54516,93770,75079,20869,1645,16265,8923,6197,70703,41515,21019
4,Jammu And Kashmir,Kargil,140802,77785,63017,86236,51873,8266,3763,16938,9826,3077,87532,35561,17488
5,Jammu And Kashmir,Punch,476835,251899,224936,261724,161393,54264,31583,46062,29517,13962,304979,109818,61334
6,Jammu And Kashmir,Rajouri,642415,345351,297064,364109,290912,136527,24016,65921,35804,18576,404903,153165,83319
7,Jammu And Kashmir,Kathua,616435,326109,290326,389204,200431,69533,21566,91522,47694,24330,357864,160123,97684
8,Jammu And Kashmir,Baramula,1008039,534733,473306,545149,304200,57495,62246,107837,57932,48285,636524,239659,130513
9,Jammu And Kashmir,Bandipore,392232,207680,184552,185979,149317,28232,32882,35630,18644,12721,252378,90465,48802
10,Jammu And Kashmir,Srinagar,1236829,651124,585705,748584,407188,12228,10408,176409,132727,121856,693238,351561,190330
11,Jammu And Kashmir,Ganderbal,297446,158720,138726,143276,100890,15337,19312,28247,15005,9633,194165,66945,35911
12,Jammu And Kashmir,Pulwama,560440,293064,267376,293958,188420,49746,34080,67368,40931,31286,342601,137032,80111
13,Jammu And Kashmir,Shupiyan,266215,136480,129735,136500,87721,47424,10835,28617,16501,10782,170086,60752,35158
14,Jammu And Kashmir,Anantnag,1078692,559767,518925,545532,389684,140957,76364,97121,52407,41570,704145,239988,133519
15,Jammu And Kashmir,Kulgam,424483,217620,206863,209085,159990,69173,29928,45383,24214,18240,266858,99870,57253
16,Jammu And Kashmir,Doda,409936,213641,196295,219083,151912,69947,12199,48359,31416,12647,263576,93189,52744
17,Jammu And Kashmir,Ramban,283713,149132,134581,124065,87212,41394,8810,22591,13331,4923,188526,61604,33220
18,Jammu And Kashmir,Kishtwar,230696,120165,110531,107506,82974,39271,16296,19550,14521,5438,145931,53415,31084
19,Jammu And Kashmir,Udhampur,554985,296784,258201,322354,243672,113020,11396,55024,29657,17345,339145,140785,74757
20,Jammu And Kashmir,Reasi,314667,166461,148206,150542,144767,96147,4009,24066,14064,4733,203967,70767,39743
21,Jammu And Kashmir,Jammu,1529958,813821,716137,1137135,508622,68613,36873,261852,159257,146501,816827,435895,275585
22,Jammu And Kashmir,Samba,318898,169124,149774,228139,92526,16894,6105,61407,30503,14055,177277,88246,53022
23,Himachal Pradesh,Chamba,519080,261320,257760,323842,294035,196665,9193,64515,40440,15506,306555,130606,81566
24,Himachal Pradesh,Kangra,1510075,750591,759484,1152640,675170,303007,54849,284124,192936,91236,766581,419172,319420
25,Himachal Pradesh,Lahul AND Spiti,31564,16588,14976,21845,19295,11227,572,3934,3557,2378,15928,9181,6200
26,Himachal Pradesh,Kullu,437903,225452,212451,307672,269084,197141,12372,58122,39081,23168,244727,120510,72282
27,Himachal Pradesh,Mandi,999777,498065,501712,723747,572671,387944,15822,180188,128549,54139,524285,279321,194661
28,Himachal Pradesh,Hamirpur,454768,217070,237698,358091,241931,147103,8824,91184,64363,35620,224044,123941,106641
29,Himachal Pradesh,Una,521173,263692,257481,399715,215346,84800,19604,105204,60626,32120,273223,142351,105358
30,Himachal Pradesh,Bilaspur,381956,192764,189192,287620,205871,127169,4138,64730,45695,25474,193671,107367,80497
31,Himachal Pradesh,Solan,580320,308754,271566,428578,298737,141267,10283,95232,59363,36803,321533,167168,90808
32,Himachal Pradesh,Sirmaur,529855,276289,253566,362645,280083,182958,10730,67080,38282,23352,310244,136839,82471
33,Himachal Pradesh,Shimla,814010,425039,388971,612642,430926,249786,26114,141490,95341,80414,425721,241956,145577
34,Himachal Pradesh,Kinnaur,84121,46249,37872,60699,56273,32995,2537,11140,7871,5118,42360,26599,15075
35,Punjab,Gurdaspur,2298323,1212617,1085706,1634719,757138,147912,100684,372317,243539,104345,1261421,611353,423301
36,Punjab,Kapurthala,815168,426311,388857,576567,284165,55252,42387,128828,77442,48221,433331,222324,157833
37,Punjab,Jalandhar,2193590,1145211,1048379,1622537,774472,85695,66664,339758,216646,162965,1159156,616431,416449
38,Punjab,Hoshiarpur,1586625,809057,777568,1199699,499822,89772,74362,301435,176013,93618,831741,422782,330671
39,Punjab,Shahid Bhagat Singh Nagar,612310,313291,299019,438459,204329,42608,22626,101970,61643,26893,318597,163305,128310
40,Punjab,Fatehgarh Sahib,600163,320795,279368,426033,214783,44245,21389,95073,59555,34990,321018,166781,111028
41,Punjab,Ludhiana,3498739,1867816,1630923,2560225,1284822,140737,98646,527568,318876,272280,1901528,980046,614258
42,Punjab,Moga,995746,525920,469826,627889,359172,91622,82397,128693,85642,37417,535408,258826,194768
43,Punjab,Firozpur,2029074,1071637,957437,1227511,756695,191685,227971,221806,147698,82448,1171770,525459,331259
44,Punjab,Muktsar,901896,475622,426274,524848,335326,86565,111014,104682,62612,36905,495167,242628,162297
45,Punjab,Faridkot,617508,326671,290837,381285,221555,53230,54058,75419,48360,29838,336540,164962,113721
46,Punjab,Bathinda,1388525,743197,645328,844868,549986,141535,128382,163928,96329,70240,754927,377707,255283
47,Punjab,Mansa,769751,408732,361019,423560,328512,105963,90367,85953,48663,27461,420050,200882,146103
48,Punjab,Patiala,1895686,1002522,893164,1266791,660267,113182,89123,256826,157435,141947,1042519,517079,335100
49,Punjab,Amritsar,2490656,1318408,1172248,1684770,917856,124617,121599,328229,203656,142399,1384987,667193,436496
50,Punjab,Tarn Taran,1119627,589369,530258,666162,380702,115853,81216,147856,83290,21322,641875,283645,190898
51,Punjab,Rupnagar,684627,357485,327142,502731,233676,45640,21520,116836,68794,38823,365300,185424,131707
52,Punjab,Sahibzada Ajit Singh Nagar,994628,529253,465375,736575,355995,40867,21791,147214,96568,105306,540872,281462,171656
53,Punjab,Sangrur,1655169,878029,777140,1002077,568758,157191,91799,220210,130155,73636,904316,435148,311621
54,Punjab,Barnala,595527,317522,278005,359831,209331,60340,40460,81545,43467,23657,322607,158413,114077
55,Chandigarh,Chandigarh,1055450,580663,474787,805438,404136,2578,1687,124707,98786,174528,602411,303748,148945
56,Uttarakhand,Uttarkashi,330086,168597,161489,215126,157276,117264,4387,30901,24989,18882,202426,75997,51245
57,Uttarakhand,Chamoli,391605,193991,197614,280556,180940,121157,3845,47703,32557,27168,229715,93182,67873
58,Uttarakhand,Rudraprayag,242285,114589,127696,170933,113032,83155,3200,28916,21131,15096,141848,54979,44986
59,Uttarakhand,Tehri Garhwal,618931,297986,320945,407994,280442,187121,8129,74008,58434,30704,368324,139371,109998
60,Uttarakhand,Dehradun,1696694,892199,804495,1259506,582768,77176,38195,206730,187700,247622,968517,446046,276280
61,Uttarakhand,Garhwal,687271,326829,360442,494889,274152,150607,13715,95590,74219,52076,380765,160183,145445
62,Uttarakhand,Pithoragarh,483439,239306,244133,345550,216490,137332,5432,56591,42086,28375,273494,116749,92517
63,Uttarakhand,Bageshwar,259898,124326,135572,179483,123638,85125,8985,31224,20785,10900,147488,60569,51672
64,Uttarakhand,Almora,622506,291081,331425,436497,298211,207617,10274,76148,53026,37742,351595,141238,128994
65,Uttarakhand,Champawat,259648,131125,128523,177726,99566,59993,4032,23610,18360,15110,156916,60722,41913
66,Uttarakhand,Nainital,954605,493666,460939,696500,376181,137530,34742,115317,98851,89101,562548,243095,147053
67,Uttarakhand,Udham Singh Nagar,1648902,858783,790119,1037839,591458,122686,165250,169274,113661,111062,1042614,392370,212223
68,Uttarakhand,Hardwar,1890422,1005295,885127,1178354,578121,93660,103115,165003,114114,134182,1207120,435385,246229
69,Haryana,Panchkula,561293,299679,261614,405318,211479,26682,12827,69163,48306,83256,309078,157076,93606
70,Haryana,Ambala,1128350,598703,529647,818025,372139,52871,57293,163544,97980,91472,617859,308126,201685
71,Haryana,Yamunanagar,1214205,646718,567487,832457,389233,61516,73251,159311,99170,82532,694813,317708,201386
72,Haryana,Kurukshetra,964655,510976,453679,646893,336780,68908,85890,120790,81964,71007,552034,250830,160216
73,Haryana,Kaithal,1074304,571003,503301,646529,373899,128016,85651,117753,82297,51043,630194,265813,176320
74,Haryana,Karnal,1505324,797712,707612,978013,516062,112288,133723,183590,124790,101387,884972,380409,234684
75,Haryana,Panipat,1205437,646857,558580,786599,412318,72120,62358,141473,91756,75774,739075,298764,167244
76,Haryana,Sonipat,1450001,781299,668702,998316,523179,142344,101733,224639,150760,101186,855201,360216,233318
77,Haryana,Jind,1334152,713006,621146,832758,523422,230387,102071,154773,107994,64599,784085,335704,213478
78,Haryana,Fatehabad,942011,495360,446651,557578,369083,132250,97997,93526,61476,37741,555745,237009,147469
79,Haryana,Sirsa,1295189,682582,612607,782897,502003,164297,147042,134559,83373,61620,750228,334344,208185
80,Haryana,Hisar,1743931,931562,812369,1114311,691621,261120,144213,202792,144626,105346,1017830,456536,265109
81,Haryana,Bhiwani,1634445,866672,767773,1069871,623006,288543,103788,218631,148995,104875,964960,405760,261428
82,Haryana,Rohtak,1061204,568479,492725,747582,345967,95732,36568,168499,109596,100346,605741,269354,185685
83,Haryana,Jhajjar,958405,514667,443738,676091,326534,112389,44845,145258,97457,58826,549975,245095,162356
84,Haryana,Mahendragarh,922088,486665,435423,630255,338584,149146,38320,132765,94245,60296,530000,229392,161258
85,Haryana,Rewari,900332,474335,425997,636947,337727,102698,28215,139646,95807,65143,518747,230704,150557
86,Haryana,Gurgaon,1514432,816690,697742,1111116,544716,56046,27097,219200,150120,233402,875531,428101,210307
87,Haryana,Mewat,1089263,571162,518101,454897,289964,104237,55278,41836,22265,12453,790930,186916,110688
88,Haryana,Faridabad,1809733,966110,843623,1272739,579229,27705,29288,282666,178846,259933,1095602,481318,231029
89,Haryana,Palwal,1042708,554497,488211,599796,309563,91506,60685,102626,65963,43780,684189,224043,133913
90,Delhi,North West,3656539,1960922,1695617,2707855,1188545,11433,13289,613393,519808,465677,2138591,1013424,503055
91,Delhi,North,887978,475002,412976,681517,296446,2187,1791,126121,97744,107099,506601,256501,124513
92,Delhi,North East,2241624,1188425,1053199,1611588,661386,2235,2406,341540,212438,122983,1393078,581016,264663
93,Delhi,East,1709346,907500,801846,1352998,579692,1156,3094,267825,235187,246988,948963,497157,262124
94,Delhi,New Delhi,142004,77942,64062,114179,59541,121,275,15942,17742,23934,76076,43913,21773
95,Delhi,Central,582320,307821,274499,442360,207374,597,601,83244,62124,80251,317650,169533,94448
96,Delhi,West,2543243,1356240,1187003,1961179,874320,2952,4358,369114,327114,440295,1399165,732515,408953
97,Delhi,South West,2292958,1246046,1046912,1787689,795352,9733,7753,335645,308513,400800,1296955,683209,308675
98,Delhi,South,2731929,1467428,1264501,2078402,924393,2984,5908,430091,354078,458858,1588001,785085,355602
99,Rajasthan,Ganganagar,1969168,1043340,925828,1193343,912672,268297,230438,163098,105734,104071,1167889,502211,283484
100,Rajasthan,Hanumangarh,1774692,931184,843508,1034136,835260,370452,166833,153628,104087,84185,1058044,453114,242361
101,Rajasthan,Bikaner,2363937,1240801,1123136,1278801,986208,499223,103833,143669,80296,101714,1543867,517271,288165
102,Rajasthan,Churu,2039547,1051446,988101,1149269,902829,572644,87983,161520,100677,77282,1293193,458725,272176
103,Rajasthan,Jhunjhunun,2137045,1095896,1041149,1370360,894649,521692,68878,256621,192240,158936,1298780,494124,330126
104,Rajasthan,Alwar,3674179,1939026,1735153,2182476,1708542,898891,216772,324050,230415,222622,2346721,836000,490137
105,Rajasthan,Bharatpur,2548462,1355726,1192736,1480869,1071154,500994,238894,211938,147520,132571,1659515,546362,329127
106,Rajasthan,Dhaulpur,1206516,653647,552869,683098,523212,229936,74342,77360,45590,37856,815651,248416,141365
107,Rajasthan,Karauli,1458248,783639,674609,805849,628726,335302,115367,104208,69443,67639,947173,310688,192042
108,Rajasthan,Sawai Madhopur,1335551,704031,631520,741748,578068,313358,88804,87349,57625,70870,841697,309237,183234
109,Rajasthan,Dausa,1634409,857787,776622,938051,684495,390960,76277,135234,92559,90833,1047136,358718,210117
110,Rajasthan,Jaipur,6626178,3468507,3157671,4300965,2464893,744374,131523,659389,455527,703673,4091148,1646480,884057
111,Rajasthan,Sikar,2677333,1374990,1302343,1652117,1006504,501311,87889,282595,200430,181282,1672813,605002,381226
112,Rajasthan,Nagaur,3307743,1696325,1611418,1758624,1425882,734614,263401,242053,147701,117444,2088323,754143,463469
113,Rajasthan,Jodhpur,3687165,1923928,1763237,2031532,1489741,592370,242017,259304,154789,177199,2359786,836322,489280
114,Rajasthan,Jaisalmer,669919,361708,308211,308653,288903,132466,43872,20142,12759,10604,448969,140294,79977
115,Rajasthan,Barmer,2603751,1369022,1234729,1188322,1202482,754260,132696,101291,52272,39533,1731122,527629,326476
116,Rajasthan,Jalor,1828730,936634,892096,829582,896644,493355,158013,75304,32366,25210,1176496,390598,249379
117,Rajasthan,Sirohi,1036346,534231,502115,476806,419829,124080,97823,58213,30724,27076,649290,244401,142251
118,Rajasthan,Pali,2037573,1025422,1012151,1085693,842327,243491,237280,144581,71472,67021,1207983,467436,343384
119,Rajasthan,Ajmer,2583052,1324085,1258967,1526673,1053722,298856,145523,200191,130608,172683,1561077,629951,388040
120,Rajasthan,Tonk,1421326,728136,693190,749659,649161,326083,113426,91853,64431,67155,880194,334006,205593
121,Rajasthan,Bundi,1110906,577160,533746,585044,526091,250453,111388,63248,41227,41052,686771,267648,155958
122,Rajasthan,Bhilwara,2408523,1220736,1187787,1256126,1148165,555168,163052,141250,92785,106667,1439454,589476,365023
123,Rajasthan,Rajsamand,1156597,581339,575258,619139,550831,207582,106587,72969,41063,34286,687165,275099,193668
124,Rajasthan,Dungarpur,1388552,696532,692020,681591,641515,227849,184330,60656,42887,39312,868458,317700,191917
125,Rajasthan,Banswara,1797485,907754,889731,829343,916574,546569,199370,75011,50438,47094,1153029,406214,216554
126,Rajasthan,Chittaurgarh,1544338,783171,761167,821825,802755,453201,123469,90889,58129,67155,880043,398303,258997
127,Rajasthan,Kota,1951014,1021161,929853,1298345,748811,140262,134992,172538,118710,167778,1177474,495896,275396
128,Rajasthan,Baran,1222755,633945,588810,693307,552583,216538,185037,76209,46847,49939,762204,286344,173100
129,Rajasthan,Jhalawar,1411129,725143,685986,739792,685950,328714,209772,73388,46267,47985,850546,346110,213674
130,Rajasthan,Udaipur,3068420,1566801,1501619,1582629,1365783,539106,302968,164290,102085,142672,1876436,739287,451034
131,Rajasthan,Pratapgarh,867848,437744,430104,401515,481294,306419,96815,35206,21854,19109,545987,204801,115608
132,Uttar Pradesh,Saharanpur,3466382,1834106,1632276,2077108,1037344,221567,273050,256510,163463,154153,2228689,769736,433862
133,Uttar Pradesh,Muzaffarnagar,4143512,2193434,1950078,2417339,1291644,336049,323641,281747,148770,98691,2671757,911621,544283
134,Uttar Pradesh,Bijnor,3682713,1921215,1761498,2135393,1088036,232158,311489,255028,159528,148185,2404576,786305,450186
135,Uttar Pradesh,Moradabad,4772006,2503186,2268820,2263848,1417811,368638,338384,296210,186311,186489,3168270,988486,525574
136,Uttar Pradesh,Rampur,2335819,1223889,1111930,1043666,737261,214187,230238,85117,51703,43839,1576123,491164,258913
137,Uttar Pradesh,Jyotiba Phule Nagar,1840221,963449,876772,983110,599089,217672,131877,161282,164763,69522,1227283,391275,215849
138,Uttar Pradesh,Meerut,3443689,1825743,1617946,2141488,1090539,196068,153995,359944,254337,275076,2165117,780475,451827
139,Uttar Pradesh,Baghpat,1303048,700070,602978,797970,416695,124718,74500,132197,79475,44164,817140,283276,194548
140,Uttar Pradesh,Ghaziabad,4681645,2488834,2192811,3123264,1520538,158868,123680,597661,475439,255949,2891069,1139871,559963
141,Uttar Pradesh,Gautam Buddha Nagar,1648115,890214,757901,1122947,569109,72668,48845,218587,194796,101645,1015648,402967,188862
142,Uttar Pradesh,Bulandshahr,3499171,1845260,1653911,2031656,1173260,332475,241137,338138,217882,151182,2246254,753949,472808
143,Uttar Pradesh,Aligarh,3673889,1951996,1721893,2092567,1174361,281501,267197,334738,216997,172585,2378289,787408,472667
144,Uttar Pradesh,Mahamaya Nagar,1564708,836127,728581,942572,484115,124231,154720,166861,89435,49812,1011157,339137,210083
145,Uttar Pradesh,Mathura,2547184,1367125,1180059,1507746,840939,235886,179248,233264,155937,103102,1600686,535738,327854
146,Uttar Pradesh,Agra,4418797,2364953,2053844,2680510,1389844,285471,234455,450571,317618,199395,2871903,991255,547873
147,Uttar Pradesh,Firozabad,2498156,1332046,1166110,1521806,761521,184595,150221,277163,166249,108627,1621154,543730,312689
148,Uttar Pradesh,Mainpuri,1868529,993377,875152,1203885,560840,270888,137174,230731,144516,111696,1193660,402321,265638
149,Uttar Pradesh,Budaun,3681896,1967759,1714137,1547477,1107343,575903,258758,154425,86760,64222,2436051,748408,424194
150,Uttar Pradesh,Bareilly,4448359,2357665,2090694,2191759,1401971,365985,326376,272840,172554,146446,2893965,952233,514141
151,Uttar Pradesh,Pilibhit,2031007,1072002,959005,1061095,618605,216476,224192,117838,77602,66129,1320476,449673,256276
152,Uttar Pradesh,Shahjahanpur,3006538,1606403,1400135,1490930,892214,344973,275192,158430,96308,87355,1961237,652237,368743
153,Uttar Pradesh,Kheri,4021243,2123187,1898056,2034044,1264718,529223,422142,223669,129627,128548,2582597,896611,510832
154,Uttar Pradesh,Sitapur,4483992,2375264,2108728,2283733,1422602,571097,473554,221898,136383,127750,2862383,1000987,588318
155,Uttar Pradesh,Hardoi,4092845,2191442,1901403,2221601,1318946,596813,406830,247265,138583,103523,2598364,905306,559988
156,Uttar Pradesh,Unnao,3108367,1630087,1478280,1773584,1124744,450123,332663,240024,136688,101934,1893706,706851,453462
157,Uttar Pradesh,Lucknow,4589838,2394476,2195362,3127260,1542806,175578,203029,428121,378742,639260,2678289,1161686,685258
158,Uttar Pradesh,Rae Bareli,3405559,1752542,1653017,1965843,1204710,316891,507882,270775,182823,153041,2116007,776583,506583
159,Uttar Pradesh,Farrukhabad,1885204,1006240,878964,1092677,592267,245089,135679,184298,115069,110391,1224584,411153,246795
160,Uttar Pradesh,Kannauj,1656616,881776,774840,1017087,524676,239350,129517,175582,107628,95072,1069916,361028,223535
161,Uttar Pradesh,Etawah,1581810,845856,735954,1062003,506072,170827,158026,195192,121283,118571,979633,362026,237786
162,Uttar Pradesh,Auraiya,1379545,740040,639505,930836,442023,166731,151727,168866,101542,79012,856336,320763,202054
163,Uttar Pradesh,Kanpur Dehat,1796184,963255,832929,1170243,628864,224986,234069,223529,157167,97740,1100820,415918,276272
164,Uttar Pradesh,Kanpur Nagar,4581268,2459806,2121462,3243022,1572232,198547,258790,651228,515772,396565,2630411,1209554,731795
165,Uttar Pradesh,Jalaun,1689974,906092,783882,1075196,620764,196613,243035,167911,104699,106888,1002817,410090,274954
166,Uttar Pradesh,Jhansi,1998603,1057436,941167,1304513,814914,228881,248072,186348,99814,92586,1171301,510728,308331
167,Uttar Pradesh,Lalitpur,1221592,641011,580581,641191,503351,267580,131354,61543,32237,34658,793551,265080,159666
168,Uttar Pradesh,Hamirpur,1104285,593537,510748,653299,443655,130314,181449,103334,59914,59612,660774,260368,181109
169,Uttar Pradesh,Mahoba,875958,466358,409600,488106,349676,114244,130422,60400,33810,37165,527067,201394,137393
170,Uttar Pradesh,Banda,1799410,965876,833534,1002937,701689,251755,273458,114783,61702,63112,1120432,408527,265310
171,Uttar Pradesh,Chitrakoot,991730,527721,464009,531072,394197,160094,150695,69641,40266,35826,638046,214228,136669
172,Uttar Pradesh,Fatehpur,2632733,1384722,1248011,1512166,1063929,328758,425366,227119,134445,116445,1624830,603831,395547
173,Uttar Pradesh,Pratapgarh,3209141,1606085,1603056,1931559,1066601,305746,386563,332742,238011,197846,2002569,703727,492097
174,Uttar Pradesh,Kaushambi,1599596,838485,761111,813424,639086,141102,321410,146757,89011,45341,1034099,336401,210556
175,Uttar Pradesh,Allahabad,5954391,3131807,2822584,3665727,2111907,474283,541146,596615,502826,428871,3764404,1335224,818137
176,Uttar Pradesh,Bara Banki,3260699,1707073,1553626,1692458,1192850,458479,421973,197780,132332,113799,2043335,709494,445269
177,Uttar Pradesh,Faizabad,2470996,1259628,1211368,1450901,831209,260406,272734,231129,176303,179996,1534832,543148,367332
178,Uttar Pradesh,Ambedkar Nagar,2397888,1212410,1185478,1486939,787398,213814,301120,247028,172872,194387,1499494,515229,367234
179,Uttar Pradesh,Sultanpur,3797117,1914586,1882531,2239902,1242632,338890,501634,306046,188848,176414,2376875,828222,580164
180,Uttar Pradesh,Bahraich,3487731,1843884,1643847,1398368,1152160,430227,482897,104762,65106,47690,2275746,754346,446242
181,Uttar Pradesh,Shrawasti,1117361,593897,523464,423313,403755,163449,165118,29567,19744,15648,723443,245098,143979
182,Uttar Pradesh,Balrampur,2148665,1114721,1033944,868357,760253,276614,328768,65516,40633,37109,1415213,442339,283947
183,Uttar Pradesh,Gonda,3433919,1787146,1646773,1679994,1170552,440340,431532,192664,144067,118176,2223078,734903,464584
184,Uttar Pradesh,Siddharthnagar,2559297,1295095,1264202,1228926,878898,298360,395993,110056,73465,56516,1690396,504002,359977
185,Uttar Pradesh,Basti,2464464,1255272,1209192,1393783,783688,296928,282260,211477,162961,143642,1574037,519265,363891
186,Uttar Pradesh,Sant Kabir Nagar,1715183,869656,845527,954949,539469,149604,241825,129442,86528,63506,1108368,352395,250502
187,Uttar Pradesh,Mahrajganj,2684703,1381754,1302949,1419144,994253,229847,532486,185236,129222,95863,1694493,595114,370573
188,Uttar Pradesh,Gorakhpur,4440895,2277777,2163118,2700328,1351629,255660,454931,425913,316166,273903,2755630,992114,659677
189,Uttar Pradesh,Kushinagar,3564544,1818055,1746489,1954820,1116973,265686,528388,249265,170911,119625,2236842,772777,500373
190,Uttar Pradesh,Deoria,3100946,1537436,1563510,1875239,876246,238237,291016,372031,277548,194341,1946336,664708,481219
191,Uttar Pradesh,Azamgarh,4613913,2285004,2328909,2771917,1372032,425630,452055,489060,312571,158303,2930243,965876,699954
192,Uttar Pradesh,Mau,2205968,1114709,1091259,1363044,696747,145225,212343,256784,209493,150462,1402738,467343,323260
193,Uttar Pradesh,Ballia,3239774,1672902,1566872,1963590,1019483,206228,384432,409484,323582,200434,1975934,724362,502628
194,Uttar Pradesh,Jaunpur,4494204,2220465,2273739,2731677,1437375,540762,436792,520111,353996,256398,2826453,927026,689979
195,Uttar Pradesh,Ghazipur,3620268,1855075,1765193,2197549,1204602,368943,435934,449909,334003,186306,2234593,774130,556273
196,Uttar Pradesh,Chandauli,1952756,1017905,934851,1174606,652543,125980,248674,196240,135962,88299,1222695,437000,287767
197,Uttar Pradesh,Varanasi,3676841,1921857,1754984,2403903,1220708,197952,182146,447926,351391,281652,2260457,856070,531549
198,Uttar Pradesh,Sant Ravidas Nagar (Bhadohi),1578213,807099,771114,910146,470608,94402,104419,167524,120944,86533,1032294,331743,209920
199,Uttar Pradesh,Mirzapur,2496970,1312302,1184668,1428683,881996,178132,334372,232189,177109,140668,1590528,552177,346773
200,Uttar Pradesh,Sonbhadra,1862559,971344,891215,985708,730399,141007,371261,120822,82614,63846,1203938,418914,237866
201,Uttar Pradesh,Etah,1774480,947339,827141,1055202,545984,242396,131779,178434,119665,88607,1149372,383707,237427
202,Uttar Pradesh,Kanshiram Nagar,1436719,764165,672554,724850,472765,229088,107094,108558,61662,48079,946320,301252,183434
203,Bihar,Pashchim Champaran,3935042,2061110,1873932,1759481,1478947,217539,998833,159563,98732,70669,2544205,888205,497793
204,Bihar,Purba Champaran,5099371,2681209,2418162,2276957,1737539,349032,1057417,241118,121594,68781,3316422,1122340,648009
205,Bihar,Sheohar,656246,346673,309573,283698,216372,38727,136334,25657,16031,10091,421241,139909,93398
206,Bihar,Sitamarhi,3423574,1803252,1620322,1436794,1114583,216012,635907,136500,92783,70549,2206340,739982,449035
207,Bihar,Madhubani,4487379,2329313,2158066,2155338,1636938,396880,940642,303114,170563,137780,2860455,1009424,611899
208,Bihar,Supaul,2229076,1155283,1073793,1033283,877682,201882,554271,99530,69665,45726,1453438,495020,277610
209,Bihar,Araria,2811569,1463333,1348236,1195768,1069893,222913,691947,112955,68177,39627,1872943,612012,324091
210,Bihar,Kishanganj,1690400,866970,823430,745056,529064,107862,321867,42778,25989,15386,1139615,361114,188447
211,Bihar,Purnia,3264619,1699370,1565249,1332326,1143318,197424,745015,119259,83226,59996,2155512,696556,372692
212,Bihar,Katihar,3071029,1600430,1470599,1280190,1013566,168857,672291,133811,88498,57114,2054202,660403,353483
213,Bihar,Madhepura,2001762,1047559,954203,834577,777546,190809,484062,99437,79891,44955,1311771,444235,242382
214,Bihar,Saharsa,1900661,997174,903487,804996,649898,164600,356833,90182,64560,47051,1249692,415863,233870
215,Bihar,Darbhanga,3937385,2059949,1877436,1816634,1223640,236673,642115,224622,152540,129597,2535344,865971,529314
216,Bihar,Muzaffarpur,4801062,2527497,2273565,2509232,1547586,273436,769001,299475,194920,138916,3016735,1079189,697108
217,Bihar,Gopalganj,2562012,1267666,1294346,1382998,728201,208959,338666,223776,123249,79109,1642807,546202,370662
218,Bihar,Siwan,3330464,1675090,1655374,1930175,932416,264928,376344,355277,186817,119164,2115448,713597,498299
219,Bihar,Saran,3951862,2022821,1929041,2157454,1040231,232097,493461,361171,213251,148065,2516115,847031,585386
220,Bihar,Vaishali,3495021,1844535,1650486,1926740,1060344,255017,502637,291392,178320,124448,2176701,759132,486032
221,Bihar,Samastipur,4261566,2230003,2031563,2142880,1343400,299039,721629,284082,186153,129933,2766930,913339,568812
222,Bihar,Begusarai,2970541,1567660,1402881,1548673,938182,146035,430870,207136,144783,101836,1951688,644874,369996
223,Bihar,Khagaria,1666886,883786,783100,768028,560805,104517,325731,100555,65931,38697,1114645,355531,195796
224,Bihar,Bhagalpur,3037766,1615663,1422103,1573066,983528,135161,475228,247079,154643,118843,1952879,674660,397654
225,Bihar,Banka,2034763,1067140,967623,965321,771080,172440,462614,120653,63103,35767,1291235,462080,278863
226,Bihar,Munger,1367765,729041,638724,801817,426658,45953,196449,147152,101907,64469,860147,316713,188319
227,Bihar,Lakhisarai,1000912,526345,474567,507270,326576,78532,159970,85807,48001,27261,650642,218840,130655
228,Bihar,Sheikhpura,636342,329743,306599,328676,224655,54511,109696,52860,33856,19676,413475,136898,85045
229,Bihar,Nalanda,2877653,1497060,1380593,1519933,1045420,221240,534021,274556,177358,133032,1829128,642197,403129
230,Bihar,Patna,5838465,3078512,2759953,3459679,1881886,271216,658203,698351,463361,452340,3626564,1382654,815638
231,Bihar,Bhojpur,2728407,1430380,1298027,1599151,822493,190896,364875,313509,163303,131137,1722387,613072,387389
232,Bihar,Buxar,1706352,887977,818375,989807,538322,132472,251790,178044,89306,64117,1074754,375372,253998
233,Bihar,Kaimur (Bhabua),1626384,847006,779378,920276,511163,125070,268597,147315,86815,70169,1039302,353413,226808
234,Bihar,Rohtas,2959918,1543546,1416372,1799832,924879,218087,405544,333053,194928,161555,1875174,673742,407193
235,Bihar,Aurangabad,2540073,1318684,1221389,1466002,837770,178525,426096,253142,136783,91371,1626969,564571,340948
236,Bihar,Gaya,4391418,2266566,2124852,2297613,1664062,370759,783505,342254,191824,131163,2810026,936630,537333
237,Bihar,Nawada,2219146,1144668,1074478,1091012,817041,216400,397505,161127,95943,64585,1440781,485628,288805
238,Bihar,Jamui,1760405,916064,844341,858588,727571,156491,331466,104211,56137,29633,1135919,392052,227016
239,Bihar,Jehanabad,1125313,585582,539731,618881,365378,86108,179519,112966,68748,45519,714244,254582,155106
240,Bihar,Arwal,700843,363497,337346,386351,236354,49127,144698,81975,48822,27945,444448,156031,98550
241,Sikkim,North  District,43709,24730,18979,30450,23359,7313,2262,3223,1993,1406,27099,11674,4887
242,Sikkim,West District,136435,70238,66197,93432,70348,40797,8053,10005,6439,4831,84209,32520,19400
243,Sikkim,South District,146850,76670,70180,106741,74753,37802,4188,12415,7260,5766,87982,37318,20982
244,Sikkim,East District,283583,151432,132151,214329,139678,31489,11483,29215,19258,20904,165520,80354,37456
245,Arunachal Pradesh,Tawang,49977,29151,20826,26073,28561,7631,1581,2140,1989,1379,30709,13849,5399
246,Arunachal Pradesh,West Kameng,83947,46155,37792,48492,42493,14476,1705,5633,3987,2693,53026,22362,8493
247,Arunachal Pradesh,East Kameng,78690,38775,39915,38449,31710,21835,1063,6213,4510,2330,53752,17922,6960
248,Arunachal Pradesh,Papum Pare,176573,89182,87391,121048,65772,14104,1859,20007,17342,13840,120592,43812,11856
249,Arunachal Pradesh,Upper Subansiri,83448,41758,41690,45278,33370,21690,1846,10348,8017,4276,56054,20055,7230
250,Arunachal Pradesh,West Siang,112274,58168,54106,64746,49177,28852,1384,11441,8418,6030,70415,28305,13469
251,Arunachal Pradesh,East Siang,99214,50116,49098,62576,40222,20185,3565,10937,9498,6540,61993,25334,11802
252,Arunachal Pradesh,Upper Siang,35320,18699,16621,18195,17644,9976,804,2935,2211,1349,21090,8910,5252
253,Arunachal Pradesh,Changlang,148226,76948,71278,73174,62966,39732,4208,10032,5641,3633,96630,35018,16414
254,Arunachal Pradesh,Tirap,111975,57604,54371,47974,50169,35967,1811,7834,4305,2134,71785,25669,14423
255,Arunachal Pradesh,Lower Subansiri,83030,41843,41187,54057,30202,13656,1968,9861,7674,5230,55258,20305,7412
256,Arunachal Pradesh,Kurung Kumey,92076,45318,46758,36606,38044,27417,2947,6997,4353,2031,64379,20713,6836
257,Arunachal Pradesh,Dibang Valley,8004,4414,3590,4436,3555,1290,106,809,656,356,5113,2088,786
258,Arunachal Pradesh,Lower Dibang Valley,54080,28053,26027,31849,22326,9687,3354,5508,3570,2795,35140,13254,5652
259,Arunachal Pradesh,Lohit,145726,76221,69505,83062,60945,29909,7789,13070,7612,5180,94890,35493,15195
260,Arunachal Pradesh,Anjaw,21167,11507,9660,9990,10501,6316,181,1167,793,502,13913,4755,2456
261,Nagaland,Mon,250260,131753,118507,119626,147654,113473,10836,7628,3565,1772,168773,53600,27437
262,Nagaland,Mokokchung,194622,101092,93530,159494,100067,48925,9166,27425,13077,10299,111243,52853,30363
263,Nagaland,Zunheboto,140757,71217,69540,102881,79466,44723,11955,17282,8821,5560,91709,32267,16730
264,Nagaland,Wokha,166343,84505,81838,128208,78412,47473,6438,18746,10223,8030,106951,40510,18811
265,Nagaland,Dimapur,378811,197394,181417,278037,151350,24517,8990,44343,26712,27532,243392,98601,36618
266,Nagaland,Phek,163418,83743,79675,105893,80277,55091,3159,12785,7268,5926,108514,37842,16969
267,Nagaland,Tuensang,196596,101933,94663,117511,98154,75212,3913,15013,6008,2760,134573,43210,18762
268,Nagaland,Longleng,50484,26502,23982,29859,30568,22501,1309,3458,1695,595,33970,11210,5271
269,Nagaland,Kiphire,74004,37830,36174,41232,31959,21432,1259,5204,2052,997,52699,14955,6309
270,Nagaland,Kohima,267988,138966,129022,197489,114825,44684,2198,30518,19855,23439,173701,68485,25557
271,Nagaland,Peren,95219,49714,45505,62204,61390,39671,3739,8082,3938,2169,64393,21597,9156
272,Manipur,Senapati,479148,247323,231825,264477,233622,175127,30369,62033,40438,24940,314439,111516,52008
273,Manipur,Tamenglong,140651,72371,68280,85006,70675,48849,1924,17867,11645,7102,90273,33290,16924
274,Manipur,Churachandpur,274143,138820,135323,195935,122655,64834,8282,38567,23284,14523,168608,67802,37096
275,Manipur,Bishnupur,237399,118782,118617,156333,109937,34358,15109,31775,20077,20074,135220,62907,38815
276,Manipur,Thoubal,422168,210845,211323,269304,195319,77331,33106,55803,37899,28550,251975,107196,62060
277,Manipur,Imphal West,517992,255054,262938,392626,213387,37107,12870,77472,60821,81876,278940,148146,89394
278,Manipur,Imphal East,456113,226094,230019,324664,194848,36355,20250,60422,47390,50647,261530,123439,70005
279,Manipur,Ukhrul,183998,94718,89280,129829,87929,56815,3852,31734,22729,15636,113715,43646,25165
280,Manipur,Chandel,144182,74579,69603,90302,76238,43255,8315,18971,12213,8105,86255,39324,18329
281,Mizoram,Mamit,86364,44828,41536,60191,39339,28669,2553,10756,3180,1771,55914,20082,10318
282,Mizoram,Kolasib,83955,42918,41037,65895,36672,17992,5921,9849,3473,2530,52147,20576,11167
283,Mizoram,Aizawl,400309,199270,201039,340595,174636,39266,11434,78752,37701,31310,235892,108094,56092
284,Mizoram,Champhai,125745,63388,62357,100802,60342,38336,5823,16259,4956,4087,78778,29690,17189
285,Mizoram,Serchhip,64937,32851,32086,54476,32397,21804,1284,9062,2915,2128,39568,15894,9404
286,Mizoram,Lunglei,161428,82891,78537,121122,78292,45439,10662,19918,8503,5509,100250,39690,21424
287,Mizoram,Lawngtlai,117894,60599,57295,62861,45566,29189,3153,10538,3763,2515,80723,25303,11831
288,Mizoram,Saiha,56574,28594,27980,42233,19461,8908,957,7269,3628,2204,37127,12784,6636
289,Tripura,West Tripura,1725739,879428,846311,1361354,698178,115175,156108,156277,88122,85405,940424,499719,284637
290,Tripura,South Tripura,876001,447544,428457,646810,366845,85530,111332,70173,31690,26870,505558,236676,133424
291,Tripura,Dhalai,378230,194544,183686,276217,155831,45956,42201,21430,9157,6425,232286,95548,50269
292,Tripura,North Tripura,693947,352860,341087,520402,248667,49286,43977,47160,22720,18419,414878,178608,100274
293,Meghalaya,West Garo Hills,643291,324159,319132,358702,255693,120740,39725,70941,29404,10856,427629,143604,70599
294,Meghalaya,East Garo Hills,317917,161223,156694,192147,126073,77390,19246,31328,9473,2484,216742,70424,29926
295,Meghalaya,South Garo Hills,142334,73170,69164,82062,53069,28145,5565,13858,3998,826,97082,30605,14495
296,Meghalaya,West Khasi Hills,383461,193715,189746,230678,163345,84956,37184,28417,12295,6450,278569,69988,33431
297,Meghalaya,Ribhoi,258840,132531,126309,155859,106473,55833,19989,20134,7632,3911,183343,52945,22365
298,Meghalaya,East Khasi Hills,825922,410749,415173,578030,326786,76767,40889,94579,58836,61639,545961,192428,86576
299,Meghalaya,Jaintia Hills,395124,196285,198839,187527,154180,50844,35766,26748,13544,8039,291097,72934,30362
300,Assam,Kokrajhar,887142,452905,434237,489305,341131,156753,56330,78788,39571,17287,552671,224715,108956
301,Assam,Dhubri,1949258,997848,951410,922341,669819,205305,171116,100387,65082,34401,1286592,439375,221745
302,Assam,Goalpara,1008183,513292,494891,563577,362573,126549,75828,73683,39885,18294,650509,239831,117427
303,Assam,Barpeta,1693622,867004,826618,897058,561824,205259,98946,121924,87377,46947,1072312,405046,215355
304,Assam,Morigaon,957423,486651,470772,539902,351148,157612,75984,67969,40803,18462,612737,225224,118271
305,Assam,Nagaon,2823768,1439112,1384656,1710716,979998,346123,196174,199792,115864,66994,1778277,678034,366112
306,Assam,Sonitpur,1924110,983904,940206,1108572,770606,249123,114865,141373,90385,49901,1159991,501239,261648
307,Assam,Lakhimpur,1042137,529674,512463,683486,429995,239377,43922,107326,82885,44212,639385,268872,133615
308,Assam,Dhemaji,686133,351249,334884,423028,316800,231937,19181,80804,55399,28006,434221,169630,82051
309,Assam,Tinsukia,1327929,680231,647698,798322,557196,149482,47756,109805,61040,38152,799874,352158,175377
310,Assam,Dibrugarh,1326335,676434,649901,884531,560557,135194,61209,139813,89500,59380,767147,371864,186774
311,Assam,Sivasagar,1151050,589216,561834,813505,485717,138100,48468,158118,96939,53437,648056,330947,171710
312,Assam,Jorhat,1092256,556805,535451,794929,498618,145885,53153,128050,97025,62608,604908,315550,171062
313,Assam,Golaghat,1066888,543161,523727,721764,479928,190590,66616,111145,66197,36887,629153,289085,148244
314,Assam,Karbi Anglong,956313,490167,466146,557214,383441,223020,60952,93137,40602,18225,618633,233739,103123
315,Assam,Dima Hasao,214102,110802,103300,140873,85028,44480,4818,27839,10859,5565,135463,53699,24830
316,Assam,Cachar,1736617,886284,850333,1174128,608062,120356,68664,156156,79766,45341,1048990,444899,241776
317,Assam,Karimganj,1228686,625864,602822,795297,399171,94348,67033,76685,39637,21408,779850,284368,163990
318,Assam,Hailakandi,659296,337890,321406,407366,214240,65673,31248,50056,28504,11608,419921,156243,82841
319,Assam,Bongaigaon,738804,375818,362986,434078,255806,83442,47406,55924,35491,20221,458796,184849,94939
320,Assam,Chirang,482162,244860,237302,259902,193894,80328,35224,37792,17702,6594,301518,122244,58282
321,Assam,Kamrup,1517542,778461,739081,995319,628954,185803,99522,154831,118849,55011,895775,408232,212740
322,Assam,Kamrup Metropolitan,1253938,647585,606353,1001191,490932,25250,16995,148429,143478,167972,659453,401500,190908
323,Assam,Nalbari,771639,396006,375633,531771,267623,58070,34984,81507,71734,39368,442061,211320,117809
324,Assam,Baksa,950075,481330,468745,572837,406756,149288,94591,96782,53446,15422,563089,256282,130083
325,Assam,Darrang,928500,475273,453227,487039,324843,129456,81617,59039,47398,22267,583436,226525,118102
326,Assam,Udalguri,831668,421617,410051,469926,345030,124824,72744,63394,34334,14001,499214,221518,109962
327,West Bengal,Darjiling,1846823,937259,909564,1315585,683726,76178,66041,176129,113905,110193,1031221,523288,289979
328,West Bengal,Jalpaiguri,3872846,1983064,1889782,2498780,1512910,214932,349672,292056,150360,129393,2259507,1035449,575667
329,West Bengal,Koch Bihar,2819086,1451542,1367544,1850504,1127977,364797,391875,209153,93119,81100,1623320,744646,448761
330,West Bengal,Uttar Dinajpur,3007134,1551066,1456068,1489667,1075626,257377,442328,163106,73395,59457,1916033,704859,385155
331,West Bengal,Dakshin Dinajpur,1676276,857199,819077,1083685,702987,193276,279932,135556,63286,52345,937283,465982,271423
332,West Bengal,Maldah,3988845,2051541,1937304,2086432,1537847,255182,545759,238078,109719,92207,2511004,955283,520122
333,West Bengal,Murshidabad,7103807,3627564,3476243,4055834,2589907,381076,842294,443254,230242,170051,4390564,1717594,991413
334,West Bengal,Birbhum,3502404,1790920,1711484,2158447,1331603,227254,611510,245201,122865,115743,2008655,952059,539463
335,West Bengal,Barddhaman,7717563,3966889,3750674,5247208,2911251,342166,973182,698251,405935,439823,4149420,2265543,1292913
336,West Bengal,Nadia,5167600,2653768,2513832,3480555,1842607,308742,556134,412193,236828,209562,2745828,1484986,934417
337,West Bengal,North Twenty Four Parganas,10009781,5119389,4890392,7608693,3571624,288058,599039,989053,670977,852923,5104876,2968996,1921143
338,West Bengal,Hugli,5519145,2814653,2704492,4078388,2152870,259680,583380,515807,333658,380060,2766489,1688206,1060821
339,West Bengal,Bankura,3596674,1838095,1758579,2232992,1466220,309723,647374,261478,143882,133465,1942335,1014764,637834
340,West Bengal,Puruliya,2930115,1496996,1433119,1624905,1249642,268800,492205,177459,91807,77621,1678057,764776,484166
341,West Bengal,Haora,4850029,2500819,2349210,3605206,1819845,80575,181662,446743,284481,304594,2587164,1423304,833104
342,West Bengal,Kolkata,4496694,2356766,2139928,3588137,1795740,16039,12388,555529,425245,691804,2025389,1433314,1014769
343,West Bengal,South Twenty Four Parganas,8161961,4173778,3988183,5531657,2964494,355350,806562,564417,316571,322157,4763943,2151474,1235558
344,West Bengal,Paschim Medinipur,5913457,3007885,2905572,4078412,2509159,572268,1105201,477973,262072,211437,3243971,1664250,990179
345,West Bengal,Purba Medinipur,5095875,2629834,2466041,3923194,1910320,345215,702304,444668,236549,184225,2866678,1384242,842025
346,Jharkhand,Garhwa,1322784,683575,639209,653476,571431,113561,328673,87844,46882,28144,860869,284036,177599
347,Jharkhand,Chatra,1042886,533935,508951,510061,397690,119297,188513,63670,35342,21697,692650,222892,126682
348,Jharkhand,Kodarma,716259,367222,349037,390249,257418,83126,64275,52622,26415,20907,462098,158603,95309
349,Jharkhand,Giridih,2445474,1258098,1187376,1253475,1036277,369913,362610,146464,77540,55122,1597269,533788,312967
350,Jharkhand,Deoghar,1492073,775022,717051,793538,551467,128656,209693,96331,54419,43979,944961,338413,205514
351,Jharkhand,Godda,1313551,677927,635624,604519,552191,144603,307767,79430,47395,30870,820367,308639,183519
352,Jharkhand,Sahibganj,1150567,589391,561176,483263,490202,109975,206902,52248,28087,19832,745027,261849,137727
353,Jharkhand,Pakur,900422,452661,447761,352881,404584,105334,150028,29934,15700,9822,587976,206826,104418
354,Jharkhand,Dhanbad,2684487,1405956,1278531,1722204,844504,97118,103488,305054,186697,107382,1634835,648876,356445
355,Jharkhand,Bokaro,2062330,1072807,989523,1273520,685368,137521,126406,232434,154076,116396,1261238,510375,282115
356,Jharkhand,Lohardaga,461790,232629,229161,259707,221332,99780,80840,38503,21987,13847,298844,100340,62244
357,Jharkhand,Purbi Singhbhum,2293919,1176902,1117017,1507699,837167,112059,209802,278853,162210,157688,1292595,632314,368148
358,Jharkhand,Palamu,1939869,1006302,933567,1024563,713175,133585,380976,160964,100290,63595,1244572,425668,268387
359,Jharkhand,Latehar,726978,369666,357312,350682,313379,103693,142729,46142,23885,13956,484084,152720,89870
360,Jharkhand,Hazaribagh,1734495,890881,843614,1013249,654636,242460,172385,173378,99945,79898,1107452,396466,230033
361,Jharkhand,Ramgarh,949443,494230,455213,596497,312125,90770,46815,101381,70249,47207,594747,230525,123794
362,Jharkhand,Dumka,1321442,668514,652928,672409,624779,193402,303084,69525,38383,25593,799323,324226,196164
363,Jharkhand,Jamtara,791042,404830,386212,426312,326631,106008,135667,40613,22995,14802,480895,189889,116810
364,Jharkhand,Ranchi,2914253,1494937,1419316,1911433,1142867,317487,267360,370847,247237,195181,1742293,725938,409166
365,Jharkhand,Khunti,531885,266335,265550,284575,259984,166290,49448,48591,20689,10130,327152,125649,78736
366,Jharkhand,Gumla,1025213,514390,510823,559720,487508,321272,97918,82114,45613,23742,643579,225871,155452
367,Jharkhand,Simdega,599578,300309,299269,343483,288645,158019,90232,47836,24842,13674,357859,143560,97817
368,Jharkhand,Pashchimi Singhbhum,1502338,749385,752953,727561,694863,244172,267475,79516,35824,10743,960987,353305,187635
369,Jharkhand,Saraikela-Kharsawan,1065056,544411,520645,612993,430051,116731,142966,106348,49944,29840,634975,265892,161542
370,Odisha,Bargarh,1481255,749161,732094,983783,762092,216413,360650,147217,58840,49238,787033,410005,282422
371,Odisha,Jharsuguda,579505,296690,282815,405879,247707,40867,56809,70928,32909,22010,320156,159477,98555
372,Odisha,Sambalpur,1041099,526877,514222,703691,505840,86800,160798,108455,50705,45828,565700,286575,186726
373,Odisha,Debagarh,312520,158230,154290,197819,165435,42660,82490,27415,13420,9041,176062,81789,53989
374,Odisha,Sundargarh,2093437,1061147,1032290,1342322,873227,184273,253327,243386,120373,94710,1188918,573238,324436
375,Odisha,Kendujhar,1801733,906487,895246,1052518,766514,198044,310075,158035,70059,57762,1038890,472908,282751
376,Odisha,Mayurbhanj,2519738,1256213,1263525,1369397,1223534,238772,568755,214921,92060,72847,1449729,650135,414076
377,Odisha,Baleshwar,2320529,1185787,1134742,1621232,932707,288818,358214,267354,112392,105962,1303828,622575,390611
378,Odisha,Bhadrak,1506337,760260,746077,1094140,468599,155956,151377,177013,71815,67536,848660,393629,260486
379,Odisha,Kendrapara,1440361,717814,722547,1089265,466890,149264,143864,203472,76449,75926,771284,374559,290894
380,Odisha,Jagatsinghapur,1136971,577865,559106,889027,403649,111320,110323,185671,72703,70602,577896,317148,238753
381,Odisha,Cuttack,2624470,1352760,1271710,2011469,936365,138698,248298,328319,159456,181601,1372301,743090,499895
382,Odisha,Jajapur,1827192,926034,901158,1290455,552234,120881,186021,223657,96963,87623,1010147,479392,332706
383,Odisha,Dhenkanal,1192811,612593,580218,829910,435533,71230,163636,132002,53162,43064,641697,326233,222398
384,Odisha,Anugul,1273821,655718,618103,869456,526520,107607,172414,129226,58029,45588,708493,347521,213517
385,Odisha,Nayagarh,962789,502636,460153,688362,343633,83022,120129,90089,36951,33148,502136,262086,196994
386,Odisha,Khordha,2251673,1167137,1084536,1749936,792193,92662,116274,295099,177974,247498,1199521,653346,391701
387,Odisha,Puri,1698730,865380,833350,1291939,621676,172761,163942,179086,84374,87000,888134,477430,328666
388,Odisha,Ganjam,3529031,1779218,1749813,2210050,1501772,284943,565448,297490,121151,97147,1980232,924756,613249
389,Odisha,Gajapati,577817,282882,294935,262537,293933,65062,153199,36977,17084,12556,345387,144043,85072
390,Odisha,Kandhamal,733110,359945,373165,399786,355349,79221,162932,48856,21351,14962,436625,177471,117777
391,Odisha,Baudh,441162,221625,219537,271612,219457,63657,104685,30799,12500,8124,253467,111571,75046
392,Odisha,Subarnapur,610183,311312,298871,398421,286661,74005,139413,65368,25556,16745,341561,153760,113450
393,Odisha,Balangir,1648997,830097,818900,927260,720601,166565,326416,116297,54694,42401,904026,430011,310876
394,Odisha,Nuapada,610382,301962,308420,299383,305438,94692,149834,51886,19577,10131,344075,152681,112325
395,Odisha,Kalahandi,1576869,787101,789768,802036,751930,144991,436733,94044,40383,27385,880160,415778,275533
396,Odisha,Rayagada,967911,471960,495951,407735,467122,99265,248175,46001,21439,17681,577569,245766,140825
397,Odisha,Nabarangapur,1220946,604812,616134,470379,610906,173086,328783,44522,16463,11198,745206,297552,171761
398,Odisha,Koraput,1379647,678809,700838,568090,693406,207194,290626,60589,32257,29000,818578,348803,207206
399,Odisha,Malkangiri,613192,303624,309568,244706,310666,151260,106353,19031,8487,5585,381913,146355,83284
400,Chhattisgarh,Koriya,658917,334737,324180,397823,307071,118498,94648,47127,38677,26802,399581,165022,94073
401,Chhattisgarh,Surguja,2359886,1193129,1166757,1187941,1155807,465287,523356,135374,105992,64607,1441436,561915,355077
402,Chhattisgarh,Jashpur,851669,424747,426922,495415,487360,226866,197558,64188,50562,26161,488965,214455,148100
403,Chhattisgarh,Raigarh,1493984,750278,743706,951639,690167,208313,323788,130700,93340,66358,841958,398257,253488
404,Chhattisgarh,Korba,1206640,612915,593725,748759,521186,113071,221806,89167,83166,61215,729708,309479,166959
405,Chhattisgarh,Janjgir - Champa,1619707,815717,803990,1019634,846466,281266,402359,152183,127543,58712,975114,383172,260898
406,Chhattisgarh,Bilaspur,2663629,1351574,1312055,1596560,1203197,276691,572292,189296,152838,134637,1625484,655032,380114
407,Chhattisgarh,Kabeerdham,822526,412058,410468,414167,404156,167662,185850,37650,28074,16671,515971,198517,107854
408,Chhattisgarh,Rajnandgaon,1537133,762855,774278,1008379,800092,342116,290108,105149,82141,51698,898915,404418,233068
409,Chhattisgarh,Durg,3343872,1682101,1661771,2303378,1496805,392341,560415,309508,286244,202424,1919832,898241,523656
410,Chhattisgarh,Raipur,4063872,2048186,2015686,2629749,1757664,383279,708993,313247,267265,227382,2454299,1038155,560184
411,Chhattisgarh,Mahasamund,1032754,511967,520787,637963,499260,139199,278073,78583,57949,33357,582544,272009,177826
412,Chhattisgarh,Dhamtari,799781,397897,401884,546833,402895,135435,182602,65196,58875,31319,461125,213021,125429
413,Chhattisgarh,Uttar Bastar Kanker,748941,373338,375603,456042,389359,194018,129142,47002,43956,21410,437598,197603,113450
414,Chhattisgarh,Bastar,1413199,698487,714712,650863,726531,284472,287828,60936,57413,32895,864272,358157,189569
415,Chhattisgarh,Narayanpur,139820,70104,69716,56621,71089,44389,13820,4158,4488,2216,91338,33956,14367
416,Chhattisgarh,Dakshin Bastar Dantewada,533638,264142,269496,191237,286595,165389,69385,16665,16905,11197,334987,140188,58170
417,Chhattisgarh,Bijapur,255230,128663,126567,86919,134525,66504,49859,7192,6755,3421,167348,63802,23927
418,Madhya Pradesh,Sheopur,687861,361784,326077,328025,277455,106745,115261,37072,24732,17091,449974,155063,82416
419,Madhya Pradesh,Morena,1965970,1068417,897553,1179685,675993,304674,148222,170254,115790,71005,1254302,452484,257704
420,Madhya Pradesh,Bhind,1703005,926843,776162,1094917,520768,231185,158266,140743,96011,50222,1040736,399676,258588
421,Madhya Pradesh,Gwalior,2032036,1090327,941709,1357210,685311,130586,120348,193082,166719,193947,1218319,519728,291451
422,Madhya Pradesh,Datia,786754,420157,366597,491445,321160,152903,93744,73398,48978,34853,473097,195131,118186
423,Madhya Pradesh,Shivpuri,1726050,919795,806255,900846,759281,383340,220440,84684,58509,44812,1106084,389652,227989
424,Madhya Pradesh,Tikamgarh,1445166,760355,684811,747940,655318,305859,223852,78053,58245,35034,898323,343824,201875
425,Madhya Pradesh,Chhatarpur,1762375,936121,826254,943033,751797,302228,238364,112961,77787,59704,1112636,394060,252417
426,Madhya Pradesh,Panna,1016520,533480,483040,552559,431998,135445,198847,70359,47903,29795,635347,235035,144827
427,Madhya Pradesh,Sagar,2378458,1256257,1122201,1545719,1006035,203600,378560,214137,137899,116753,1470688,569166,335432
428,Madhya Pradesh,Damoh,1264219,661873,602346,747715,574595,114611,250165,95032,64414,41158,768929,312593,181403
429,Madhya Pradesh,Satna,2228935,1157495,1071440,1371781,911349,227967,371584,197373,148091,105499,1365647,535086,326049
430,Madhya Pradesh,Rewa,2365106,1225100,1140006,1441757,991946,258321,463506,206274,180635,122371,1460075,540235,362228
431,Madhya Pradesh,Umaria,644758,330674,314084,356672,289691,65369,145690,43418,27216,18144,403030,158140,82984
432,Madhya Pradesh,Neemuch,826067,422653,403414,508834,418682,175602,136330,69134,53465,42343,476995,217403,131227
433,Madhya Pradesh,Mandsaur,1340411,682851,657560,834591,679723,281465,266350,109751,77219,52546,781000,346861,211815
434,Madhya Pradesh,Ratlam,1455069,738241,716828,825880,690980,218692,305946,111461,86507,67192,876905,363858,213560
435,Madhya Pradesh,Ujjain,1986864,1016289,970575,1240990,897442,289013,302003,159263,119586,111290,1156749,508302,320502
436,Madhya Pradesh,Shajapur,1512681,780520,732161,894612,717871,287924,303157,111366,75967,48671,901161,369741,240768
437,Madhya Pradesh,Dewas,1563715,805359,758356,925369,742676,260222,310606,125772,94403,55383,943954,388648,230280
438,Madhya Pradesh,Dhar,2185793,1112725,1073068,1077338,1027974,385522,437437,134279,99882,66721,1377326,533243,273050
439,Madhya Pradesh,Indore,3276697,1699627,1577070,2309130,1268195,150907,185528,362209,300076,382658,1877270,894464,493096
440,Madhya Pradesh,Khargone (West Nimar),1873046,953121,919925,986234,894119,307085,425712,114246,89581,64150,1166866,450248,254570
441,Madhya Pradesh,Barwani,1385881,699340,686541,549926,653897,287704,267196,59100,42649,30754,923665,302833,158594
442,Madhya Pradesh,Rajgarh,1545814,790212,755602,804245,745603,285095,330820,96386,72316,51499,935230,363218,246447
443,Madhya Pradesh,Vidisha,1458875,769568,689307,862918,550402,168615,228308,104007,65581,59814,919239,335690,203005
444,Madhya Pradesh,Bhopal,2371061,1236130,1134931,1660690,867457,73346,105195,211371,178165,266618,1405814,625594,330291
445,Madhya Pradesh,Sehore,1311332,683743,627589,780362,586087,201307,227026,120687,77541,50655,817608,305605,187611
446,Madhya Pradesh,Raisen,1331597,700358,631239,820220,517838,138725,228151,117908,69419,48384,832939,316319,181524
447,Madhya Pradesh,Betul,1575362,799236,776126,939769,786980,253602,358157,140402,105696,82761,938819,392728,242592
448,Madhya Pradesh,Harda,570465,294838,275627,352550,230979,68019,101256,46556,31939,27126,347774,138882,83417
449,Madhya Pradesh,Hoshangabad,1241350,648725,592625,810644,478082,116440,181967,119682,89589,84769,730768,318232,191501
450,Madhya Pradesh,Katni,1292042,662013,630029,790773,543874,112812,223902,112242,80935,53578,778414,326582,185857
451,Madhya Pradesh,Jabalpur,2463289,1277278,1186011,1756468,1005624,106882,283636,268333,222987,235072,1387369,679185,391903
452,Madhya Pradesh,Narsimhapur,1091854,568810,523044,718785,477818,113866,257865,109996,82020,52763,620415,289560,180831
453,Madhya Pradesh,Dindori,704524,351913,352611,378714,389925,150084,190962,49277,31104,15179,419531,181841,102522
454,Madhya Pradesh,Mandla,1054905,525272,529633,604962,559649,148931,318909,82166,58066,35476,614794,278553,160510
455,Madhya Pradesh,Chhindwara,2090922,1064468,1026454,1294198,957984,283111,422668,215098,167946,112383,1232263,535316,321977
456,Madhya Pradesh,Seoni,1379131,695879,683252,864194,684434,173665,376404,116124,84398,55984,809922,363037,205237
457,Madhya Pradesh,Balaghat,1701698,842178,859520,1147623,893014,257785,459796,168635,126308,74213,969773,453605,276799
458,Madhya Pradesh,Guna,1241519,649362,592157,653980,514897,213949,175615,79924,50724,42147,793150,285176,162104
459,Madhya Pradesh,Ashoknagar,845071,443837,401234,469109,315270,116913,122387,51499,29551,22791,535410,194772,114131
460,Madhya Pradesh,Shahdol,1066063,540021,526042,604194,493057,95795,258991,80402,60915,46513,645619,269145,150655
461,Madhya Pradesh,Anuppur,749237,379114,370123,436595,346471,115448,130376,58536,42743,31646,444954,193520,109813
462,Madhya Pradesh,Sidhi,1127033,575912,551121,600785,461760,102644,262030,80312,60845,33067,721531,253685,150959
463,Madhya Pradesh,Singrauli,1178273,613637,564636,585054,499439,147732,228472,61089,42434,30597,771725,267189,138276
464,Madhya Pradesh,Jhabua,1025048,515023,510025,352081,515121,329175,115649,38236,28990,20240,684200,220769,119681
465,Madhya Pradesh,Alirajpur,728999,362542,366457,209754,366797,256393,73693,18213,15358,10040,488848,155328,84149
466,Madhya Pradesh,Khandwa (East Nimar),1310061,674329,635732,731615,612976,179337,306623,77010,56847,42771,809091,313456,186928
467,Madhya Pradesh,Burhanpur,757847,388504,369343,408679,328339,67799,156295,57058,42618,28237,469838,181605,106034
468,Gujarat,Kachchh,2092371,1096737,995634,1252319,776228,105876,183971,157284,61366,60386,1278604,524052,286086
469,Gujarat,Banas Kantha,3120506,1610379,1510127,1704923,1248600,475585,350541,226765,105372,66950,1984701,738412,394793
470,Gujarat,Patan,1343734,694397,649337,837913,554830,136590,227080,129584,57494,46355,786357,341381,213465
471,Gujarat,Mahesana,2035064,1056520,978544,1502645,812064,189760,242969,266108,139208,130723,1119451,554432,357578
472,Gujarat,Sabar Kantha,2428589,1244231,1184358,1578734,1084878,366711,333867,333650,198963,110817,1393131,630963,400905
473,Gujarat,Gandhinagar,1391753,723864,667889,1030494,534976,104147,129356,196456,95730,108400,769329,391862,224886
474,Gujarat,Ahmadabad,7214225,3788051,3426174,5435760,2594952,142670,268954,1135058,549188,839295,3952858,2043895,1198152
475,Gujarat,Surendranagar,1756268,909917,846351,1093626,723500,185235,270861,172947,61164,58389,1033435,439352,280582
476,Gujarat,Rajkot,3804558,1974445,1830113,2725056,1479050,349357,214285,540278,204306,266295,2080568,1052871,659576
477,Gujarat,Jamnagar,2160119,1114192,1045927,1396534,847440,264318,147193,199634,74029,87523,1220598,576319,358455
478,Gujarat,Porbandar,585449,300209,285240,393678,231169,65702,48964,63458,25119,22458,314886,163777,105638
479,Gujarat,Junagadh,2743082,1404356,1338726,1842818,1123709,367311,333996,311849,137505,139957,1527888,749156,461650
480,Gujarat,Amreli,1514190,771049,743141,995459,657139,232126,209935,149478,66785,50999,836343,389892,282409
481,Gujarat,Bhavnagar,2880365,1490201,1390164,1887255,1150632,231796,334025,281250,96241,93391,1708938,720241,445121
482,Gujarat,Anand,2092745,1087224,1005521,1551253,844794,152412,346329,283571,127459,110351,1134962,585093,366419
483,Gujarat,Kheda,2299885,1185727,1114158,1660243,933983,239241,359842,310341,148530,84223,1260660,628221,388646
484,Gujarat,Panch Mahals,2390776,1226961,1163815,1440805,1097507,456768,376038,283648,139773,71810,1421859,599925,363391
485,Gujarat,Dohad,2127086,1068651,1058435,1007171,999124,388612,438597,156556,95794,41458,1402616,467115,252153
486,Gujarat,Vadodara,4165626,2153736,2011890,2893080,1693473,312126,570361,504732,268451,314960,2213474,1190041,733710
487,Gujarat,Narmada,590297,301086,289211,370336,294795,62823,188030,52687,28396,14748,336830,157910,93466
488,Gujarat,Bharuch,1551019,805707,745312,1118276,627124,78120,253577,188539,83895,74380,844298,442523,254728
489,Gujarat,The Dangs,228291,113821,114470,140968,118257,64561,40486,14872,7560,3490,146095,51821,30027
490,Gujarat,Navsari,1329672,678165,651507,1001909,591834,112809,206608,190861,112460,85041,673014,390349,258957
491,Gujarat,Valsad,1705678,887222,818456,1170657,743245,147569,183025,212318,123281,90912,944532,485874,259906
492,Gujarat,Surat,6081322,3402224,2679098,4571410,2553542,109549,325739,896927,433651,379505,3563443,1740746,723415
493,Gujarat,Tapi,807022,402188,404834,490036,450902,105726,254786,86580,49482,31743,422047,235019,144575
494,Dadra And Nagar Haveli And Daman And Diu,Diu,52074,25642,26432,38058,15750,471,291,9051,4367,1906,30475,13932,7599
495,Dadra And Nagar Haveli And Daman And Diu,Daman,191173,124659,66514,150348,105521,1845,481,26991,14170,9128,122589,52868,15428
496,Dadra And Nagar Haveli And Daman And Diu,Dadra AND Nagar Haveli,343709,193760,149949,223230,157161,28164,17799,37809,22700,19655,225103,87888,30346
497,Maharashtra,Nandurbar,1648295,833170,815125,906509,792065,211672,438176,160961,113019,58461,1011352,390419,241534
498,Maharashtra,Dhule,2050862,1054031,996831,1293916,936370,239139,429536,290656,182739,114931,1167569,513908,350747
499,Maharashtra,Jalgaon,4229917,2197365,2032552,2891882,1863571,384359,937174,627198,375643,229987,2352671,1080237,763529
500,Maharashtra,Buldana,2586258,1337560,1248698,1879874,1219641,385447,603227,406379,228266,113783,1467457,641840,473071
501,Maharashtra,Akola,1813906,932334,881572,1411281,768154,129680,388521,291391,205723,112574,998769,483200,327932
502,Maharashtra,Washim,1197160,620302,576858,869917,569792,165598,310195,162762,116032,47865,682919,302425,210185
503,Maharashtra,Amravati,2888445,1480768,1407677,2251875,1236322,198793,667943,525116,346876,203273,1540590,783549,553265
504,Maharashtra,Wardha,1300774,668385,632389,1019458,608235,132989,282170,225208,158055,93772,659540,370227,270107
505,Maharashtra,Nagpur,4653570,2384975,2268595,3673808,1868560,206606,423587,790443,542228,493236,2460820,1361821,818467
506,Maharashtra,Bhandara,1200334,605520,594814,899860,597305,123099,312183,204435,153749,67061,626978,333120,232754
507,Maharashtra,Gondiya,1322507,661554,660953,1004243,665419,186509,281414,225595,159570,57923,704214,371908,244111
508,Maharashtra,Gadchiroli,1072942,541328,531614,708365,584237,225358,247813,140345,95911,35809,605217,289448,175518
509,Maharashtra,Chandrapur,2204307,1123834,1080473,1578615,1058172,220978,473983,351610,241179,126488,1163802,629890,403719
510,Maharashtra,Yavatmal,2772348,1419965,1352383,2022574,1355999,333504,739718,389924,245819,123074,1549263,733258,483813
511,Maharashtra,Nanded,3361292,1730075,1631217,2189425,1493953,447823,632395,416761,255650,156225,2008314,809135,535827
512,Maharashtra,Hingoli,1177345,606294,571051,790743,569182,241613,226483,136075,74544,38698,692117,281905,201828
513,Maharashtra,Parbhani,1836086,942870,893216,1157814,822797,295030,317806,229103,116041,81333,1078349,436486,313455
514,Maharashtra,Jalna,1959046,1011473,947573,1195523,930886,418952,300937,225331,120715,64060,1150104,454836,341479
515,Maharashtra,Aurangabad,3701282,1924469,1776813,2503837,1575079,554518,396630,537936,310762,253253,2211996,909771,571932
516,Maharashtra,Nashik,6107187,3157186,2950001,4345366,2763328,967385,730228,830070,485052,373100,3580633,1567252,948469
517,Maharashtra,Thane,11060148,5865078,5195070,8227161,4492767,349931,418004,1751284,1080597,961719,6184519,3241888,1579921
518,Maharashtra,Mumbai Suburban,9356962,5031323,4325639,7575485,3735021,16086,20722,1914168,1091433,1183117,4936360,2812001,1575566
519,Maharashtra,Mumbai,3085411,1684608,1400803,2509022,1284396,6051,5745,665263,378764,343374,1553005,933586,583243
520,Maharashtra,Raigarh,2634200,1344345,1289855,1939994,1072969,206975,191182,441072,221410,204507,1414154,748339,462741
521,Maharashtra,Pune,9429408,4924105,4505303,7171723,4048993,886530,414461,1414563,867256,1086650,5184734,2624165,1586132
522,Maharashtra,Ahmadnagar,4543159,2342825,2200334,3151890,2204590,1013050,559009,745895,411908,315842,2496560,1166245,865139
523,Maharashtra,Bid,2585049,1349106,1235943,1718507,1255548,606280,373566,316758,206530,129996,1473882,614615,494436
524,Maharashtra,Latur,2454196,1273140,1181056,1650672,1046857,331780,416578,380344,224998,153256,1406364,584243,453229
525,Maharashtra,Osmanabad,1657576,861535,796041,1137810,773916,297361,299525,260772,139479,96847,917343,393539,343021
526,Maharashtra,Solapur,4317756,2227852,2089904,2910676,1898395,637250,558334,643327,328020,236302,2402794,1089900,809935
527,Maharashtra,Satara,3003741,1510842,1492899,2225694,1354947,585876,297241,556706,299993,243457,1517324,800492,671702
528,Maharashtra,Ratnagiri,1615069,761121,853948,1199392,714076,296913,153117,247257,111600,65700,777431,438905,396967
529,Maharashtra,Sindhudurg,849651,417332,432319,666067,347178,124812,81816,175070,89023,48418,382024,242296,222963
530,Maharashtra,Kolhapur,3876001,1980658,1895343,2825845,1704054,660872,266028,698604,395234,335413,1972486,1084858,801590
531,Maharashtra,Sangli,2822143,1435728,1386415,2049467,1215104,480554,290693,453404,244804,214003,1450907,752303,603739
532,Andhra Pradesh,Adilabad,2741239,1369597,1371642,1483347,1323667,363737,484912,225957,143143,100226,1536378,704551,422522
533,Andhra Pradesh,Nizamabad,2551335,1250641,1300694,1389810,1261076,278102,448281,396396,223365,141850,1399773,676401,437573
534,Andhra Pradesh,Karimnagar,3776269,1880800,1895469,2206829,1876768,360390,756859,463403,293493,256633,1940234,1031735,728494
535,Andhra Pradesh,Medak,3033288,1523030,1510258,1637137,1442203,353221,571129,373729,201928,127493,1735769,779738,509368
536,Andhra Pradesh,Hyderabad,3943323,2018575,1924748,2892155,1413297,28308,23029,811501,517425,558090,2249130,1068243,542669
537,Andhra Pradesh,Rangareddy,5296741,2701008,2595733,3538028,2196078,270925,349032,821821,598940,740896,2966988,1455864,738037
538,Andhra Pradesh,Mahbubnagar,4053028,2050386,2002642,1940646,2082501,569142,931084,308575,169083,98227,2360874,1027525,637430
539,Andhra Pradesh,Nalgonda,3488809,1759772,1729037,2001019,1741693,325224,863131,367424,238695,196134,1932349,897137,651748
540,Andhra Pradesh,Warangal,3512576,1759281,1753295,2065023,1705655,401646,758092,430242,279234,248942,1891954,941452,664872
541,Andhra Pradesh,Khammam,2797370,1390988,1406382,1630234,1410062,224972,804537,238811,154774,160804,1530602,774583,477955
542,Andhra Pradesh,Srikakulam,2703114,1341738,1361376,1495381,1290288,165317,700833,251521,146721,121213,1423119,747385,528736
543,Andhra Pradesh,Vizianagaram,2344474,1161477,1182997,1238388,1157962,212285,557254,186576,115144,103591,1206366,666394,451469
544,Andhra Pradesh,Visakhapatnam,4290589,2138910,2151679,2568249,1889879,322164,578949,541942,329770,289734,2274553,1245627,716066
545,Andhra Pradesh,East Godavari,5154296,2569688,2584608,3288577,2093681,160407,1122046,521562,271809,263023,2724328,1478954,948122
546,Andhra Pradesh,West Godavari,3936966,1964918,1972048,2652389,1773112,155275,1061787,415178,215863,207586,2051513,1127764,755533
547,Andhra Pradesh,Krishna,4517398,2267375,2250023,3009718,2048880,150166,1006976,531821,312753,328454,2340943,1284630,833959
548,Andhra Pradesh,Guntur,4887813,2440521,2447292,2960441,2381624,302341,1227956,453446,246580,221924,2583462,1371811,928462
549,Andhra Pradesh,Prakasam,3397448,1714764,1682684,1904435,1700567,280029,889218,249034,142026,133627,1832695,917391,641707
550,Andhra Pradesh,Sri Potti Sriramulu Nellore,2963557,1492974,1470583,1832189,1314561,165513,625262,267243,161031,148394,1574713,840448,544022
551,Andhra Pradesh,Y.S.R.,2882469,1451777,1430692,1716766,1320404,243607,542455,258798,140145,116330,1553667,793583,530412
552,Andhra Pradesh,Kurnool,4053463,2039227,2014236,2127161,2029425,310954,1037302,271828,152453,115504,2368684,1053618,609027
553,Andhra Pradesh,Anantapur,4081148,2064495,2016653,2310960,2036166,413253,879537,331793,162175,144915,2189396,1104565,739612
554,Andhra Pradesh,Chittoor,4174064,2090204,2083860,2667878,1933357,434544,748093,548336,265199,246409,2148179,1159053,807430
555,Karnataka,Belgaum,4779661,2423063,2356598,3052032,2105668,711980,649517,532584,279583,201884,2669348,1251116,857143
556,Karnataka,Bagalkot,1889752,950111,939641,1113412,818081,196199,303243,171505,115095,82319,1123443,465706,299774
557,Karnataka,Bijapur,2177331,1111022,1066309,1248268,927722,262217,351600,182756,129109,96990,1295274,527085,353549
558,Karnataka,Bidar,1703300,870665,832635,1042673,702608,141302,280091,181076,105347,54900,1018195,397120,287271
559,Karnataka,Raichur,1928812,964511,964301,979769,903413,245299,383526,153346,82082,50463,1196670,465173,265810
560,Karnataka,Koppal,1389920,699926,689994,809085,654766,163413,273016,113028,72243,43967,855430,330393,202984
561,Karnataka,Gadag,1064570,537147,527423,700177,495722,127441,200310,105150,63816,42053,601578,279069,183409
562,Karnataka,Dharwad,1847023,937206,909817,1301664,784833,164279,207642,227113,143453,137768,1017935,505688,322577
563,Karnataka,Uttara Kannada,1437169,726256,710913,1081906,608526,111581,116336,210270,108521,94767,742281,412649,281542
564,Karnataka,Haveri,1597668,819128,778540,1085443,730066,203055,311263,158442,84357,55310,904453,426094,266586
565,Karnataka,Bellary,2452595,1236954,1215641,1421621,1116880,258080,406092,203139,121453,89475,1487013,617276,346905
566,Karnataka,Chitradurga,1659456,840843,818613,1087392,856587,286245,294337,217567,132435,75262,891230,460057,306412
567,Karnataka,Davanagere,1945497,986400,959097,1308540,875207,230846,295873,269748,154781,123863,1068518,538551,336173
568,Karnataka,Shimoga,1752753,877415,875338,1263016,780598,204493,246464,251095,132138,111753,913150,513297,325542
569,Karnataka,Udupi,1177361,562131,615230,926429,513241,63143,63390,178094,109663,107279,559565,340903,276234
570,Karnataka,Chikmagalur,1137961,566622,571339,818345,565774,155392,126600,177585,96470,72420,564994,341380,230864
571,Karnataka,Tumkur,2678980,1350594,1328386,1813391,1354646,505910,352286,423738,213588,143735,1351461,760936,564196
572,Karnataka,Bangalore,9621551,5022661,4598890,7512276,4246927,95619,97914,2018079,1196965,1733274,5275666,2909575,1424195
573,Karnataka,Mandya,1805769,905085,900684,1149649,871408,388981,216159,308624,157839,102838,902307,527236,375100
574,Karnataka,Hassan,1776421,883667,892754,1225256,903580,437034,165910,292369,147837,103152,877340,522039,375918
575,Karnataka,Dakshina Kannada,2089649,1034714,1054935,1666323,997721,33810,29274,309141,178989,185916,1072417,608450,407902
576,Karnataka,Kodagu,554519,274608,279911,412877,278938,21174,15153,86232,54939,43225,276918,163360,113919
577,Karnataka,Mysore,3001127,1511600,1489527,1962180,1314268,349337,311002,452412,222230,212541,1580116,865220,553705
578,Karnataka,Chamarajanagar,1020791,512231,508560,565279,481693,113105,214303,109361,57053,34799,519046,294903,206003
579,Karnataka,Gulbarga,2566326,1301755,1264571,1427368,1087028,220198,415267,290570,153746,104256,1570719,604665,388935
580,Karnataka,Yadgir,1174271,590329,583942,510003,547696,159333,234655,73599,40104,27728,738451,267222,168186
581,Karnataka,Kolar,1536401,776396,760005,1016219,717872,183057,201233,225498,107929,71422,841499,419380,274240
582,Karnataka,Chikkaballapura,1255104,636437,618667,783222,639778,212226,206939,187040,80928,55056,666451,350299,236864
583,Karnataka,Bangalore Rural,990923,509172,481751,688749,459891,127770,84108,166677,82235,51015,535765,278153,176083
584,Karnataka,Ramanagara,1082636,548008,534628,674758,531459,208130,102460,155358,77233,46318,559082,297330,224785
585,Goa,North Goa,818008,416677,401331,663060,327658,15402,14120,153887,87513,86781,380926,260533,175035
586,Goa,South Goa,640537,322463,318074,502427,249590,15952,12640,108989,64786,57460,314480,194872,130605
587,Lakshadweep,Lakshadweep,64473,33123,31350,52553,18753,0,0,13997,6642,3491,33877,19244,11237
588,Kerala,Kasaragod,1307375,628613,678762,1037492,462998,23732,38774,238900,122657,76192,688763,369883,246975
589,Kerala,Kannur,2523003,1181446,1341557,2138434,824116,36549,82988,540383,308670,217203,1187177,741984,588081
590,Kerala,Wayanad,817420,401684,415736,645585,340077,52759,101630,184266,87042,51111,412806,246590,157326
591,Kerala,Kozhikode,3086293,1470942,1615351,2615443,948981,26543,64198,630818,351267,250117,1487644,909581,686109
592,Kerala,Malappuram,4112920,1960328,2152592,3311315,1062424,57567,117405,933793,392867,203779,2406005,1041361,662311
593,Kerala,Palakkad,2809934,1359478,1450456,2239492,1042340,67805,249949,572412,232109,180540,1395222,802611,608966
594,Kerala,Thrissur,3121200,1480763,1640437,2678548,1095727,41786,73941,821831,362657,338600,1394214,931841,792182
595,Kerala,Ernakulam,3282388,1619557,1662831,2855676,1249343,50423,71391,702511,389793,429880,1396968,1024720,858010
596,Kerala,Idukki,1108974,552808,556166,923010,516363,100917,145698,261237,136428,86136,494456,352163,261471
597,Kerala,Kottayam,1974551,968289,1006262,1749798,735735,49991,63052,475724,280720,221350,811653,596302,565048
598,Kerala,Alappuzha,2127789,1013142,1114647,1852797,804471,25237,71706,573306,274789,198858,891512,648522,585591
599,Kerala,Pathanamthitta,1197412,561716,635696,1062553,392794,41414,55455,371128,172884,123549,479207,346161,370887
600,Kerala,Kollam,2635375,1246968,1388407,2240273,912025,56693,92193,595191,307950,233402,1177359,795245,660965
601,Kerala,Thiruvananthapuram,3301427,1581678,1719749,2785408,1231669,38837,94470,682156,389161,381782,1488441,989238,820024
602,Tamil Nadu,Thiruvallur,3728104,1876062,1852042,2791721,1538054,73444,270586,622789,303091,451321,1925296,1154775,643614
603,Tamil Nadu,Chennai,4646732,2335844,2310888,3776276,1817297,14454,13674,801050,464207,905515,2271657,1468902,899279
604,Tamil Nadu,Kancheepuram,3998252,2012958,1985294,3013382,1673814,89343,272514,634172,312208,526886,2076492,1200284,715895
605,Tamil Nadu,Vellore,3936331,1961688,1974643,2773928,1689330,175108,391955,641585,311434,308514,2096113,1116437,720713
606,Tamil Nadu,Tiruvannamalai,2464875,1235889,1228986,1626813,1238177,292641,525063,343955,174560,158041,1301347,683904,477668
607,Tamil Nadu,Viluppuram,3458873,1740819,1718054,2195776,1703249,369646,832213,508930,246856,229726,1881463,949892,624042
608,Tamil Nadu,Salem,3482056,1781571,1700485,2285562,1694160,257004,454210,457866,242306,296399,1737345,1029479,713294
609,Tamil Nadu,Namakkal,1726601,869280,857321,1176131,898245,158473,253726,214836,126468,169206,817905,510413,397064
610,Tamil Nadu,Erode,2251744,1129868,1121876,1492662,1195773,178170,370212,269016,155344,215514,1006543,701326,542295
611,Tamil Nadu,The Nilgiris,735394,360143,375251,569647,349974,15645,79100,133569,76132,69657,352516,231451,150804
612,Tamil Nadu,Dindigul,2159775,1080938,1078837,1481834,1105155,165405,467959,282628,153100,163050,1065734,647806,443528
613,Tamil Nadu,Karur,1064493,528184,536309,727044,543298,85872,200837,146666,77874,85595,501585,320645,241843
614,Tamil Nadu,Tiruchirappalli,2722290,1352284,1370006,2038981,1213979,170669,378782,418930,223178,291506,1346661,797258,575960
615,Tamil Nadu,Perambalur,565223,282157,283066,375823,299726,117304,118278,71650,41447,44025,291371,158218,115151
616,Tamil Nadu,Ariyalur,754894,374703,380191,480604,359851,107312,166837,96860,53934,57524,380484,216103,157771
617,Tamil Nadu,Cuddalore,2605914,1311697,1294217,1815281,1169880,165170,539412,386652,186394,227530,1364411,764669,473617
618,Tamil Nadu,Nagapattinam,1616450,798127,818323,1213008,671994,67482,345057,249630,122350,125639,828444,463326,323706
619,Tamil Nadu,Thiruvarur,1264277,626693,637584,946471,540168,69883,295188,203450,103908,99082,627880,377118,257116
620,Tamil Nadu,Thanjavur,2405890,1182416,1223474,1790998,974079,129913,415361,373111,178126,222410,1193095,712017,499235
621,Tamil Nadu,Pudukkottai,1618345,803188,815157,1110545,761693,209270,305149,251855,121706,111731,835853,470428,311175
622,Tamil Nadu,Sivaganga,1339101,668672,670429,959744,620171,141003,199563,199263,103903,115894,666218,391356,280462
623,Tamil Nadu,Madurai,3038252,1526475,1511777,2273430,1354632,92719,372828,453509,250285,363152,1528178,913715,593827
624,Tamil Nadu,Theni,1245899,625683,620216,870080,591642,38367,315161,156676,95231,101147,618923,373564,252267
625,Tamil Nadu,Virudhunagar,1942288,967709,974579,1398788,950158,57153,208702,230321,138306,167506,987538,575006,378174
626,Tamil Nadu,Ramanathapuram,1353445,682658,670787,978946,602977,173767,153874,189132,105978,97405,708322,389764,252888
627,Tamil Nadu,Thoothukkudi,1750176,865021,885155,1349697,748095,48515,200644,227154,133010,155613,887717,499377,361374
628,Tamil Nadu,Tirunelveli,3077233,1520912,1556321,2273457,1436454,115715,379763,390495,220088,247635,1554277,876129,644563
629,Tamil Nadu,Kanniyakumari,1870374,926345,944029,1548738,679620,15610,72867,322511,226312,254107,887052,556548,425849
630,Tamil Nadu,Dharmapuri,1506843,774303,732540,917709,751170,201328,267345,177877,103367,112592,804186,434328,267536
631,Tamil Nadu,Krishnagiri,1879809,960232,919577,1187958,877779,236038,263328,276694,133744,137081,1034474,533183,311238
632,Tamil Nadu,Coimbatore,3458045,1729297,1728748,2635907,1567950,80217,230026,526165,273098,440520,1579517,1117221,757738
633,Tamil Nadu,Tiruppur,2479052,1246159,1232893,1760566,1266137,135817,246333,298635,170870,179733,1177987,794639,504674
634,Puducherry,Yanam,55626,27301,28325,39274,16760,291,3324,8044,4101,3836,31973,15235,8402
635,Puducherry,PONDICHERRY,950289,468258,482031,726649,348105,9393,51908,152482,81519,134067,473705,299746,176204
636,Puducherry,Mahe,41816,19143,22673,36470,11802,43,82,8773,5711,4475,19760,12543,9428
637,Puducherry,Karaikal,200222,97809,102413,154916,68301,2372,13077,29456,15930,18998,102333,60089,37434
638,Andaman And Nicobar Islands,Nicobars,36842,20727,16115,25332,17125,322,242,6325,3668,1300,18786,12088,5922
639,Andaman And Nicobar Islands,North  AND Middle Andaman,105597,54861,50736,78683,38579,10727,1915,12707,10042,5133,57350,30741,17464
640,Andaman And Nicobar Islands,South Andaman,238142,127283,110859,190266,96831,5518,2624,42150,29910,22388,128402,76332,33128
