state,district,district_code,pop_2011,method,villages
Andaman and Nicobar Islands,NICOBARS,638,35779,blended,86.0
Andaman and Nicobar Islands,NORTH AND MIDDLE ANDAMAN,639,105930,census2011,305.0
Andaman and Nicobar Islands,SOUTH ANDAMANS,640,238872,census2011,191.0
Andhra Pradesh,Alluri Sitarama Raju,684,3661007,blended,376.0
Andhra Pradesh,Anakapalli,685,1552458,census2011,465.0
Andhra Pradesh,Ananthapuramu,553,2233808,census2011,512.0
Andhra Pradesh,Annamayya,693,1458898,blended,224.0
Andhra Pradesh,Bapatla,691,1792828,blended,583.0
Andhra Pradesh,Chittoor,554,1900506,census2011,847.0
Andhra Pradesh,Dr. B.R. Ambedkar Konaseema,687,1172319,census2011,223.0
Andhra Pradesh,East Godavari,545,1694071,blended,271.0
Andhra Pradesh,Eluru,688,2533959,blended,291.0
Andhra Pradesh,Guntur,548,1074025,census2011,201.0
Andhra Pradesh,Kakinada,686,1514240,census2011,144.0
Andhra Pradesh,Krishna,547,2035649,census2011,497.0
Andhra Pradesh,Kurnool,552,1866517,census2011,476.0
Andhra Pradesh,NTR,689,1763847,census2011,176.0
Andhra Pradesh,Nandyal,694,2286334,census2011,348.0
Andhra Pradesh,Palnadu,690,3153668,census2011,382.0
Andhra Pradesh,Parvathipuram Manyam,683,965360,blended,165.0
Andhra Pradesh,Prakasam,549,2822529,census2011,872.0
Andhra Pradesh,Sri Potti Sriramulu Nellore,550,2529991,blended,728.0
Andhra Pradesh,Sri Sathya Sai,695,1967670,census2011,199.0
Andhra Pradesh,Srikakulam,542,1942334,census2011,1428.0
Andhra Pradesh,Tirupati,692,1818614,blended,373.0
Andhra Pradesh,Visakhapatnam,544,466714,blended,95.0
Andhra Pradesh,Vizianagaram,543,2092958,blended,970.0
Andhra Pradesh,West Godavari,546,1146158,census2011,299.0
Andhra Pradesh,Y.S.R.,551,1954000,census2011,729.0
Arunachal Pradesh,ANJAW,260,18748,census2011,0.0
Arunachal Pradesh,BICHOM,788,26947,area_share,0.0
Arunachal Pradesh,CHANGLANG,253,144249,census2011,0.0
Arunachal Pradesh,DIBANG VALLEY,257,7871,area_share,0.0
Arunachal Pradesh,EAST KAMENG,247,44539,census2011,0.0
Arunachal Pradesh,EAST SIANG,251,41837,area_share,0.0
Arunachal Pradesh,KAMLE,733,51100,area_share,0.0
Arunachal Pradesh,KEYI PANYOR,789,42310,area_share,0.0
Arunachal Pradesh,KRA DAADI,721,31538,census2011,246.0
Arunachal Pradesh,KURUNG KUMEY,256,62189,census2011,0.0
Arunachal Pradesh,LEPA RADA,729,10341,census2011,0.0
Arunachal Pradesh,LOHIT,259,93174,area_share,0.0
Arunachal Pradesh,LONGDING,680,48699,census2011,424.0
Arunachal Pradesh,LOWER DIBANG VALLEY,258,31748,census2011,0.0
Arunachal Pradesh,LOWER SIANG,723,30643,area_share,0.0
Arunachal Pradesh,LOWER SUBANSIRI,255,8729,census2011,0.0
Arunachal Pradesh,NAMSAI,724,47658,census2011,0.0
Arunachal Pradesh,PAKKE KESSANG,726,23662,census2011,0.0
Arunachal Pradesh,PAPUMPARE,248,144822,census2011,0.0
Arunachal Pradesh,SHI YOMI,730,35999,area_share,0.0
Arunachal Pradesh,SIANG,722,150926,blended,314.0
Arunachal Pradesh,TAWANG,245,48527,census2011,0.0
Arunachal Pradesh,TIRAP,254,54464,census2011,0.0
Arunachal Pradesh,UPPER SIANG,252,32360,census2011,0.0
Arunachal Pradesh,UPPER SUBANSIRI,249,73724,census2011,0.0
Arunachal Pradesh,WEST KAMENG,246,58931,census2011,0.0
Arunachal Pradesh,WEST SIANG,250,17992,census2011,0.0
Assam,BAJALI,771,347190,area_share,0.0
Assam,BAKSA,324,644490,area_share,0.0
Assam,BARPETA,303,1249015,census2011,0.0
Assam,BISWANATH,734,802369,census2011,258.0
Assam,BONGAIGAON,319,732606,area_share,0.0
Assam,CACHAR,316,1692478,census2011,0.0
Assam,CHARAIDEO,704,430435,census2011,0.0
Assam,CHIRANG,320,484461,area_share,0.0
Assam,DARANG,325,879320,area_share,0.0
Assam,DHEMAJI,308,628833,census2011,0.0
Assam,DHUBRI,301,1536110,census2011,0.0
Assam,DIBRUGARH,310,1284755,census2011,0.0
Assam,DIMA HASAO,315,208267,census2011,0.0
Assam,GOALPARA,302,929871,census2011,0.0
Assam,GOLAGHAT,313,989342,census2011,0.0
Assam,HAILAKANDI,318,638555,census2011,0.0
Assam,HOJAI,720,1004841,census2011,343.0
Assam,JORHAT,312,661885,census2011,0.0
Assam,KAMRUP METRO,322,938849,area_share,0.0
Assam,KAMRUP RURAL,321,1739069,area_share,0.0
Assam,KARBI ANGLONG,314,655159,census2011,0.0
Assam,KOKRAJHAR,300,891372,area_share,0.0
Assam,LAKHIMPUR,307,1020821,census2011,0.0
Assam,MAJULI,707,442902,area_share,0.0
Assam,MARIGAON,304,884980,census2011,0.0
Assam,NAGAON,305,1745268,census2011,0.0
Assam,NALBARI,323,757493,area_share,0.0
Assam,SIBSAGAR,311,688055,census2011,0.0
Assam,SONITPUR,306,1098720,census2011,0.0
Assam,SOUTH SALMARA,664,255118,census2011,0.0
Assam,SRIBHUMI,317,1163257,area_share,0.0
Assam,TAMULPUR,766,1388011,blended,1075.0
Assam,TINSUKIA,309,1301542,census2011,0.0
Assam,UDALGURI,326,817787,area_share,0.0
Assam,WEST KARBI ANAGLONG,752,272347,census2011,476.0
Bihar,Araria,209,2806898,census2011,734.0
Bihar,Arwal,240,661150,census2011,315.0
Bihar,Aurangabad,235,2564825,census2011,1852.0
Bihar,Banka,225,2045923,blended,2097.0
Bihar,Begusarai,222,2955569,census2011,1137.0
Bihar,Bhagalpur,224,3063373,census2011,1519.0
Bihar,Bhojpur,231,2748353,census2011,1194.0
Bihar,Buxar,232,1713560,census2011,1119.0
Bihar,Darbhanga,215,4100963,blended,1247.0
Bihar,Gaya,236,4422156,census2011,2834.0
Bihar,Gopalganj,217,2573785,census2011,1525.0
Bihar,Jamui,238,1765337,census2011,1507.0
Bihar,Jehanabad,239,1156211,blended,573.0
Bihar,Kaimur (Bhabua),233,1632430,census2011,1685.0
Bihar,Katihar,212,3076670,census2011,1528.0
Bihar,Khagaria,223,1677533,census2011,285.0
Bihar,Kishanganj,210,1692838,blended,769.0
Bihar,Lakhisarai,227,961204,blended,467.0
Bihar,Madhepura,213,2004898,blended,429.0
Bihar,Madhubani,207,4584705,census2011,1090.0
Bihar,Munger,226,1374222,blended,850.0
Bihar,Muzaffarpur,216,4827227,census2011,1737.0
Bihar,Nalanda,229,2907051,census2011,987.0
Bihar,Nawada,237,2210826,census2011,1057.0
Bihar,Pashchim Champaran,203,3980888,census2011,1463.0
Bihar,Patna,230,5784679,census2011,1378.0
Bihar,Purba Champaran,204,5146506,census2011,1275.0
Bihar,Purnia,211,3251889,census2011,1227.0
Bihar,Rohtas,234,2984513,census2011,1980.0
Bihar,Saharsa,214,1883790,census2011,458.0
Bihar,Samastipur,221,3912435,census2011,1148.0
Bihar,Saran,219,3958308,census2011,1740.0
Bihar,Sheikhpura,228,662779,blended,287.0
Bihar,Sheohar,205,683510,blended,197.0
Bihar,Sitamarhi,206,3260983,census2011,815.0
Bihar,Siwan,218,3346257,census2011,1514.0
Bihar,Supaul,208,2205224,census2011,548.0
Bihar,Vaishali,220,3509985,census2011,1515.0
Chandigarh,CHANDIGARH,55,1055450,census2011,35.0
Chhattisgarh,BALOD,645,1319276,census2011,751.0
Chhattisgarh,BALODA BAZAR,646,1299581,census2011,766.0
Chhattisgarh,BALRAMPUR,642,949237,census2011,435.0
Chhattisgarh,BASTAR,414,717379,blended,622.0
Chhattisgarh,BEMETARA,644,1112540,census2011,755.0
Chhattisgarh,BIJAPUR,417,252415,census2011,752.0
Chhattisgarh,BILASPUR,406,1140557,census2011,708.0
Chhattisgarh,DAKSHIN BASTAR DANTEWARA,416,168700,census2011,256.0
Chhattisgarh,DHAMTARI,412,803752,census2011,685.0
Chhattisgarh,DURG,409,899331,census2011,394.0
Chhattisgarh,GARIYABAND,647,1591045,census2011,703.0
Chhattisgarh,GAURELA-PENDRA-MARWAHI,669,639668,census2011,727.0
Chhattisgarh,JANJGIR - CHAMPA,405,930498,census2011,444.0
Chhattisgarh,JASHPUR,402,854099,census2011,1102.0
Chhattisgarh,KAWARDHA (KABIRDHAM),407,821339,census2011,1057.0
Chhattisgarh,KHAIRGARH-CHHUIKHADAN-GANDAI,755,444624,census2011,0.0
Chhattisgarh,KONDAGAON,648,697653,census2011,641.0
Chhattisgarh,KORBA,404,1211399,census2011,808.0
Chhattisgarh,KOREA,400,247263,census2011,304.0
Chhattisgarh,MAHASAMUND,411,1030211,census2011,1242.0
Chhattisgarh,MANENDRAGARH-CHIRMIRI-BHARATPUR,758,412863,census2011,0.0
Chhattisgarh,MOHLA-MANPUR-AMBAGARH CHOWKI,756,468694,census2011,0.0
Chhattisgarh,MUNGELI,643,885696,census2011,618.0
Chhattisgarh,NARAYANPUR,415,144234,blended,444.0
Chhattisgarh,RAIGARH,403,1172143,census2011,1048.0
Chhattisgarh,RAIPUR,410,953024,census2011,458.0
Chhattisgarh,RAJNANDGAON,408,626305,census2011,731.0
Chhattisgarh,SAKTI,759,688072,census2011,527.0
Chhattisgarh,SARANGARH-BILAIGARH,757,544096,area_share,0.0
Chhattisgarh,SUKMA,649,328191,census2011,751.0
Chhattisgarh,SURAJPUR,641,816860,census2011,992.0
Chhattisgarh,SURGUJA,401,604019,census2011,635.0
Chhattisgarh,UTTAR BASTAR KANKER,413,770434,blended,1184.0
Dadra and Nagar Haveli and Daman and Diu,DADRA AND NAGAR HAVELI,496,343164,blended,60.0
Dadra and Nagar Haveli and Daman and Diu,DAMAN,495,185686,blended,24.0
Dadra and Nagar Haveli and Daman and Diu,DIU,494,49354,census2011,7.0
Delhi,CENTRAL,95,799575,blended,19.0
Delhi,EAST,93,1114056,census2011,16.0
Delhi,NAZUL,,732989,area_share,0.0
Delhi,NEW DELHI,94,194984,blended,22.0
Delhi,NORTH,91,1219269,blended,70.0
Delhi,NORTH EAST,92,1005683,blended,22.0
Delhi,NORTH WEST,90,1711505,census2011,37.0
Delhi,SHAHDARA,676,2820107,blended,212.0
Delhi,SOUTH,98,1647066,blended,44.0
Delhi,SOUTH EAST,677,1417770,census2011,0.0
Delhi,SOUTH WEST,97,1949768,census2011,70.0
Delhi,WEST,96,2175169,blended,31.0
Goa,KUSHAVATI,793,422969,census2011,0.0
Goa,NORTH GOA,585,559190,census2011,220.0
Goa,SOUTH GOA,586,476386,blended,213.0
Gujarat,AHMADABAD,474,6496453,census2011,574.0
Gujarat,AMRELI,480,1427317,census2011,692.0
Gujarat,ANAND,482,2100423,census2011,436.0
Gujarat,ARVALLI,650,1053947,census2011,699.0
Gujarat,BANAS KANTHA,469,3152346,census2011,1259.0
Gujarat,BHARUCH,488,1521670,blended,711.0
Gujarat,BHAVNAGAR,481,2329324,census2011,752.0
Gujarat,BOTAD,653,1057895,blended,118.0
Gujarat,CHHOTAUDEPUR,654,1941542,census2011,133.0
Gujarat,DAHOD,485,2190352,census2011,717.0
Gujarat,DANGS,489,231744,census2011,310.0
Gujarat,DEVBHUMI DWARKA,656,846677,area_share,0.0
Gujarat,GANDHINAGAR,473,1401533,blended,295.0
Gujarat,GIR SOMNATH,652,564694,blended,79.0
Gujarat,JAMNAGAR,477,1707586,blended,476.0
Gujarat,JUNAGADH,479,2074644,census2011,571.0
Gujarat,KACHCHH,468,2090570,blended,939.0
Gujarat,KHEDA,483,1995596,census2011,596.0
Gujarat,MAHESANA,471,2031996,census2011,669.0
Gujarat,MAHISAGAR,655,750914,blended,78.0
Gujarat,MORBI,657,1475820,area_share,0.0
Gujarat,NARMADA,487,595064,census2011,616.0
Gujarat,NAVSARI,490,1331457,census2011,404.0
Gujarat,PANCH MAHALS,484,1498314,census2011,634.0
Gujarat,PATAN,470,1362004,census2011,551.0
Gujarat,PORBANDAR,478,593588,census2011,176.0
Gujarat,RAJKOT,476,2648396,census2011,668.0
Gujarat,SABAR KANTHA,472,1396009,census2011,745.0
Gujarat,SURAT,492,6108237,census2011,748.0
Gujarat,SURENDRANAGAR,475,1660322,blended,616.0
Gujarat,TAPI,493,807495,census2011,495.0
Gujarat,VADODARA,486,2284641,census2011,701.0
Gujarat,VALSAD,491,1711120,census2011,501.0
Haryana,AMBALA,70,1109877,census2011,487.0
Haryana,BHIWANI,81,1163029,census2011,442.0
Haryana,CHARKI DADRI,732,488072,census2011,0.0
Haryana,FARIDABAD,88,1678700,census2011,189.0
Haryana,FATEHABAD,78,980269,blended,244.0
Haryana,GURUGRAM,86,1524153,census2011,287.0
Haryana,HISAR,80,1699184,census2011,267.0
Haryana,JHAJJAR,83,957466,blended,263.0
Haryana,JIND,77,1305897,census2011,305.0
Haryana,KAITHAL,73,1086526,blended,278.0
Haryana,KARNAL,74,1418199,census2011,430.0
Haryana,KURUKSHETRA,72,1003833,blended,418.0
Haryana,MAHENDRAGARH,84,926603,blended,360.0
Haryana,NUH,87,1154943,blended,441.0
Haryana,PALWAL,89,1085056,blended,281.0
Haryana,PANCHKULA,69,584089,blended,243.0
Haryana,PANIPAT,75,1254394,blended,195.0
Haryana,REWARI,85,895419,census2011,403.0
Haryana,ROHTAK,82,1033688,census2011,145.0
Haryana,SIRSA,79,1314516,census2011,327.0
Haryana,SONIPAT,76,1479068,blended,344.0
Haryana,YAMUNANAGAR,71,1208482,census2011,655.0
Himachal Pradesh,BILASPUR,30,379805,census2011,0.0
Himachal Pradesh,CHAMBA,23,518525,census2011,0.0
Himachal Pradesh,HAMIRPUR,28,452435,census2011,0.0
Himachal Pradesh,KANGRA,24,1514722,census2011,0.0
Himachal Pradesh,KINNAUR,34,84562,census2011,0.0
Himachal Pradesh,KULLU,26,437946,census2011,0.0
Himachal Pradesh,LAHUL & SPITI,25,31725,census2011,0.0
Himachal Pradesh,MANDI,27,1003341,census2011,0.0
Himachal Pradesh,SHIMLA,33,814670,census2011,0.0
Himachal Pradesh,SIRMAUR,32,532571,census2011,0.0
Himachal Pradesh,SOLAN,31,573174,census2011,0.0
Himachal Pradesh,UNA,29,521126,census2011,0.0
Jammu and Kashmir,ANANTNAG,14,1094123,area_share,0.0
Jammu and Kashmir,BADGAM,2,815408,area_share,0.0
Jammu and Kashmir,BANDIPURA,9,618195,area_share,0.0
Jammu and Kashmir,BARAMULA,8,738332,area_share,0.0
Jammu and Kashmir,DODA,16,451445,area_share,0.0
Jammu and Kashmir,GANDERBAL,11,341209,area_share,0.0
Jammu and Kashmir,JAMMU,21,1645043,area_share,0.0
Jammu and Kashmir,KATHUA,7,707130,area_share,0.0
Jammu and Kashmir,KISHTWAR,18,264638,area_share,0.0
Jammu and Kashmir,KULGAM,15,332894,area_share,0.0
Jammu and Kashmir,KUPWARA,1,998407,area_share,0.0
Jammu and Kashmir,MIRPUR,,24738,area_share,0.0
Jammu and Kashmir,MUZAFFARABAD,,1532,area_share,0.0
Jammu and Kashmir,PULWAMA,12,642896,area_share,0.0
Jammu and Kashmir,PUNCH,5,536312,census2011,0.0
Jammu and Kashmir,RAJAURI,6,746023,area_share,0.0
Jammu and Kashmir,RAMBAN,17,325455,area_share,0.0
Jammu and Kashmir,RIASI,20,311577,area_share,0.0
Jammu and Kashmir,SAMBA,22,365817,area_share,0.0
Jammu and Kashmir,SHUPIYAN,13,305383,area_share,0.0
Jammu and Kashmir,SRINAGAR,10,315854,area_share,0.0
Jammu and Kashmir,UDHAMPUR,19,588708,area_share,0.0
Jharkhand,BOKARO,355,2090816,blended,675.0
Jharkhand,CHATRA,347,1084321,blended,1473.0
Jharkhand,DEOGHAR,350,1504389,census2011,2665.0
Jharkhand,DHANBAD,354,2602229,census2011,1211.0
Jharkhand,DUMKA,362,1328447,census2011,2939.0
Jharkhand,EAST SINGHBHUM,357,2315456,census2011,1782.0
Jharkhand,GARHWA,346,1335765,census2011,877.0
Jharkhand,GIRIDIH,349,2438126,census2011,2730.0
Jharkhand,GODDA,351,1328453,census2011,2255.0
Jharkhand,GUMLA,366,1037050,census2011,949.0
Jharkhand,HAZARIBAGH,360,1803408,blended,1311.0
Jharkhand,JAMTARA,363,822471,blended,1164.0
Jharkhand,KHUNTI,365,553017,blended,758.0
Jharkhand,KODERMA,348,462179,census2011,701.0
Jharkhand,LATEHAR,359,729952,census2011,795.0
Jharkhand,LOHARDAGA,356,466683,census2011,354.0
Jharkhand,PAKUR,353,898934,census2011,1251.0
Jharkhand,PALAMU,358,1948229,census2011,1848.0
Jharkhand,RAMGARH,361,978312,blended,314.0
Jharkhand,RANCHI,364,2918767,blended,1334.0
Jharkhand,SAHIBGANJ,352,1142180,census2011,1817.0
Jharkhand,SARAIKELA-KHARSAWAN,369,1070376,census2011,1191.0
Jharkhand,SIMDEGA,367,605300,census2011,451.0
Jharkhand,WEST SINGHBHUM,368,1523273,census2011,1719.0
Karnataka,B\dar,558,1703747,census2011,677.0
Karnataka,Bagalkot,556,1893171,census2011,643.0
Karnataka,Ballari,565,1234167,census2011,327.0
Karnataka,Belagavi,555,4800550,census2011,1325.0
Karnataka,Bengaluru (Rural),583,977885,census2011,1093.0
Karnataka,Bengaluru (Urban),572,9587834,census2011,577.0
Karnataka,Chamarajanagara,578,1018520,census2011,510.0
Karnataka,Chikkaballapura,582,1258440,census2011,1664.0
Karnataka,Chikkamagaluru,570,1141674,census2011,1169.0
Karnataka,Chitradurga,566,1664012,census2011,1228.0
Karnataka,Dakshina Kannada,575,2151574,blended,368.0
Karnataka,Davanagere,567,1475264,census2011,894.0
Karnataka,Dharwad,562,1848605,census2011,394.0
Karnataka,Gadag,561,1069357,census2011,363.0
Karnataka,Hassan,574,1780179,census2011,2611.0
Karnataka,Haveri,564,1603218,census2011,720.0
Karnataka,Kalaburagi,579,2572913,census2011,1060.0
Karnataka,Kodagu,576,553550,census2011,339.0
Karnataka,Kolara,581,1532932,census2011,1849.0
Karnataka,Koppal,560,1395373,census2011,676.0
Karnataka,Mandya,573,1808685,census2011,1543.0
Karnataka,Mysuru,577,3000117,census2011,1384.0
Karnataka,Raichur,559,1934975,census2011,913.0
Karnataka,Ramanagara,584,1081388,census2011,879.0
Karnataka,Shivamogga,568,1757263,census2011,1555.0
Karnataka,Tumakuru,571,2681129,census2011,2922.0
Karnataka,Udupi,569,1075786,census2011,254.0
Karnataka,Uttara Kannada,563,1440198,census2011,1353.0
Karnataka,Vijayanagara,761,1694727,blended,578.0
Karnataka,Vijayapura,557,2186331,census2011,739.0
Karnataka,Yadgir,580,1171730,census2011,582.0
Kerala,Alappuzha,598,2103830,census2011,95.0
Kerala,Ernakulam,595,3389018,blended,128.0
Kerala,Idukki,596,967060,census2011,68.0
Kerala,Kannur,589,2536093,census2011,133.0
Kerala,Kasaragod,588,1309208,census2011,128.0
Kerala,Kollam,600,2629046,census2011,104.0
Kerala,Kottayam,597,1976139,census2011,102.0
Kerala,Kozhikode,591,3103973,census2011,118.0
Kerala,Malappuram,592,4121325,census2011,138.0
Kerala,Palakkad,593,2815996,census2011,157.0
Kerala,Pathanamthitta,599,1188745,census2011,66.0
Kerala,Thiruvananthapuram,601,3314311,census2011,1037.0
Kerala,Thrissur,594,3130922,census2011,256.0
Kerala,Wayanad,590,820395,census2011,49.0
Ladakh,KARGIL,4,183859,area_share,0.0
Ladakh,LEH,3,186324,census2011,0.0
Lakshadweep,Lakshadweep,587,64473,blended,30.0
Madhya Pradesh,AGAR MALWA,735,656955,census2011,0.0
Madhya Pradesh,ALIRAJPUR,465,732200,census2011,592.0
Madhya Pradesh,ANUPPUR,461,748968,census2011,612.0
Madhya Pradesh,ASHOKNAGAR,459,853626,census2011,921.0
Madhya Pradesh,BALAGHAT,457,1719591,census2011,1487.0
Madhya Pradesh,BARWANI,441,1396704,census2011,774.0
Madhya Pradesh,BETUL,447,1587756,census2011,1525.0
Madhya Pradesh,BHIND,420,1714852,census2011,1015.0
Madhya Pradesh,BHOPAL,444,2394281,blended,527.0
Madhya Pradesh,BURHANPUR,467,764921,census2011,284.0
Madhya Pradesh,CHHATARPUR,425,1773765,census2011,1318.0
Madhya Pradesh,CHHINDWARA,455,1757837,census2011,1897.0
Madhya Pradesh,DAMOH,428,1270780,census2011,1304.0
Madhya Pradesh,DATIA,422,814930,blended,681.0
Madhya Pradesh,DEWAS,437,1565515,census2011,1196.0
Madhya Pradesh,DHAR,438,2209040,census2011,1616.0
Madhya Pradesh,DINDORI,453,708942,census2011,984.0
Madhya Pradesh,GUNA,458,1252959,census2011,1387.0
Madhya Pradesh,GWALIOR,421,1786914,census2011,685.0
Madhya Pradesh,HARDA,448,572680,census2011,581.0
Madhya Pradesh,INDORE,439,3284305,census2011,656.0
Madhya Pradesh,JABALPUR,451,2462878,census2011,1478.0
Madhya Pradesh,JHABUA,464,1032335,census2011,905.0
Madhya Pradesh,KATNI,450,1289000,census2011,984.0
Madhya Pradesh,KHANDWA,466,1318985,census2011,784.0
Madhya Pradesh,KHARGONE,440,1872694,census2011,1473.0
Madhya Pradesh,MAIHAR,768,664617,census2011,598.0
Madhya Pradesh,MANDLA,454,1057659,census2011,1393.0
Madhya Pradesh,MANDSAUR,433,1305746,census2011,981.0
Madhya Pradesh,MAUGANJ,767,712157,census2011,354.0
Madhya Pradesh,MORENA,419,1970545,census2011,878.0
Madhya Pradesh,NARMADAPURAM,449,1243285,census2011,1029.0
Madhya Pradesh,NARSIMHAPUR,452,1095959,census2011,1129.0
Madhya Pradesh,NEEMUCH,432,855651,blended,869.0
Madhya Pradesh,NIWARI,753,373609,census2011,543.0
Madhya Pradesh,PANDHURNA,769,355812,census2011,0.0
Madhya Pradesh,PANNA,426,1016105,census2011,1119.0
Madhya Pradesh,RAISEN,446,1334815,census2011,1556.0
Madhya Pradesh,RAJGARH,442,1553614,census2011,1807.0
Madhya Pradesh,RATLAM,434,1465777,census2011,1120.0
Madhya Pradesh,REWA,430,1672831,census2011,1734.0
Madhya Pradesh,SAGAR,427,2397707,census2011,2165.0
Madhya Pradesh,SATNA,429,1566537,census2011,1504.0
Madhya Pradesh,SEHORE,445,1290236,census2011,1117.0
Madhya Pradesh,SEONI,456,1392695,census2011,1755.0
Madhya Pradesh,SHAHDOL,460,1067593,census2011,888.0
Madhya Pradesh,SHAJAPUR,436,837664,census2011,649.0
Madhya Pradesh,SHEOPUR,418,692342,census2011,621.0
Madhya Pradesh,SHIVPURI,423,1659993,census2011,1508.0
Madhya Pradesh,SIDHI,462,1134388,census2011,1227.0
Madhya Pradesh,SINGRAULI,463,1186139,census2011,856.0
Madhya Pradesh,TIKAMGARH,424,1071848,census2011,746.0
Madhya Pradesh,UJJAIN,435,1992614,census2011,1138.0
Madhya Pradesh,UMARIA,431,646430,census2011,682.0
Madhya Pradesh,VIDISHA,443,1469028,census2011,1680.0
Maharashtra,AHILYANAGAR,522,4512419,census2011,1622.0
Maharashtra,AKOLA,501,1792807,census2011,980.0
Maharashtra,AMRAVATI,503,2874317,census2011,1999.0
Maharashtra,BEED,523,2464450,census2011,1376.0
Maharashtra,BHANDARA,506,1225015,blended,926.0
Maharashtra,BULDHANA,500,2572145,census2011,1436.0
Maharashtra,CHANDRAPUR,509,2191510,census2011,1837.0
Maharashtra,CHHATRAPATI SAMBHAJI NAGAR,515,3642642,census2011,1365.0
Maharashtra,DHARASHIV,525,1642019,census2011,749.0
Maharashtra,DHULE,498,2039308,census2011,711.0
Maharashtra,DHULE,598,2039162,census2011,95.0
Maharashtra,GADCHIROLI,508,1067364,census2011,1721.0
Maharashtra,GONDIA,507,1244434,census2011,958.0
Maharashtra,HINGOLI,512,1200351,blended,711.0
Maharashtra,JALGAON,499,4202382,census2011,1551.0
Maharashtra,JALNA,514,1911920,census2011,976.0
Maharashtra,KOLHAPUR,530,3848517,census2011,1273.0
Maharashtra,LATUR,524,2504658,blended,951.0
Maharashtra,MUMBAI,519,2257941,blended,1.0
Maharashtra,MUMBAI SUBURBAN,518,8857861,census2011,1.0
Maharashtra,NAGPUR,505,4622518,census2011,1958.0
Maharashtra,NANDED,511,3307560,census2011,1685.0
Maharashtra,NANDURBAR,497,1632928,census2011,989.0
Maharashtra,NASHIK,516,6075753,census2011,1943.0
Maharashtra,PALGHAR,681,6015627,census2011,295.0
Maharashtra,PARBHANI,513,1805245,blended,854.0
Maharashtra,PUNE,521,9386363,census2011,3768.0
Maharashtra,RAIGAD,520,2556123,census2011,2081.0
Maharashtra,RATNAGIRI,528,1603560,census2011,1547.0
Maharashtra,SANGLI,531,2799723,census2011,753.0
Maharashtra,SATARA,527,2982948,census2011,1800.0
Maharashtra,SINDHUDURG,529,842193,census2011,754.0
Maharashtra,SOLAPUR,526,4277369,census2011,1174.0
Maharashtra,THANE,517,5154199,census2011,830.0
Maharashtra,WARDHA,504,1292490,census2011,1421.0
Maharashtra,WASHIM,502,1171158,census2011,780.0
Maharashtra,YAVATMAL,510,2757352,census2011,2145.0
Manipur,BISHNUPUR,275,196369,area_share,0.0
Manipur,CHANDEL,280,115888,area_share,0.0
Manipur,CHURACHANDPUR,274,130734,census2011,0.0
Manipur,IMPHAL EAST,278,190669,area_share,0.0
Manipur,IMPHAL WEST,277,186098,area_share,0.0
Manipur,JIRIBAM,658,212583,area_share,0.0
Manipur,KAKCHING,651,341043,blended,352.0
Manipur,KAMJANG,670,128385,blended,27.0
Manipur,KANGPOKPI,679,195665,area_share,0.0
Manipur,NONEY,659,153758,blended,1019.0
Manipur,PHERZAWL,718,318505,area_share,0.0
Manipur,SENAPATI,272,217951,census2011,112.0
Manipur,TAMENGLONG,273,122620,area_share,0.0
Manipur,TENGNOUPAL,667,104556,blended,528.0
Manipur,THOUBAL,276,168293,census2011,0.0
Manipur,UKHRUL,279,72676,census2011,0.0
Meghalaya,EAST GARO HILLS,294,177723,area_share,0.0
Meghalaya,EAST JAINTIA HILLS,666,211614,census2011,0.0
Meghalaya,EAST KHASI HILLS,298,821348,census2011,0.0
Meghalaya,EASTERN WEST KHASI HILLS,765,85164,census2011,0.0
Meghalaya,NORTH GARO HILLS,674,135052,census2011,318.0
Meghalaya,RI-BHOI,297,253670,area_share,0.0
Meghalaya,SOUTH GARO HILLS,295,136768,census2011,0.0
Meghalaya,SOUTH WEST GARO HILLS,660,161540,census2011,330.0
Meghalaya,SOUTH WEST KHASI HILLS,668,96783,census2011,899.0
Meghalaya,WEST GARO HILLS,293,496469,area_share,0.0
Meghalaya,WEST JAINTIA HILLS,299,186439,census2011,0.0
Meghalaya,WEST KHASI HILLS,296,204319,census2011,0.0
Mizoram,AIZAWL,283,204186,area_share,0.0
Mizoram,CHAMPHAI,284,57446,census2011,0.0
Mizoram,HNAHTHIAL,713,27077,census2011,0.0
Mizoram,KHAWZAWL,703,36751,area_share,0.0
Mizoram,KOLASIB,282,76671,area_share,0.0
Mizoram,LAWNGTLAI,287,107666,area_share,0.0
Mizoram,LUNGLEI,286,116327,census2011,0.0
Mizoram,MAMIT,281,76430,census2011,0.0
Mizoram,SAIHA,288,38340,census2011,0.0
Mizoram,SAITUAL,682,297007,blended,204.0
Mizoram,SERCHHIP,285,59303,area_share,0.0
Nagaland,CHUMOUKEDIMA,711,308147,area_share,0.0
Nagaland,DIMAPUR,265,30590,area_share,0.0
Nagaland,KIPHIRE,269,71224,blended,154.0
Nagaland,KOHIMA,270,229596,blended,88.0
Nagaland,LONGLENG,268,53015,area_share,0.0
Nagaland,MOKOKCHUNG,262,198579,census2011,0.0
Nagaland,MON,261,262850,area_share,0.0
Nagaland,NIULAND,709,30977,area_share,0.0
Nagaland,NOKLAK,708,74596,census2011,0.0
Nagaland,PEREN,271,100009,census2011,137.0
Nagaland,PHEK,266,154411,census2011,0.0
Nagaland,SHAMATOR,712,37716,area_share,0.0
Nagaland,TSEMINYU,710,51815,area_share,0.0
Nagaland,TUENSANG,267,64644,census2011,0.0
Nagaland,WOKHA,264,162495,census2011,0.0
Nagaland,ZUNHEBOTO,263,147838,area_share,0.0
Odisha,ANUGUL,384,1278369,census2011,2013.0
Odisha,BALANGIR,393,1656214,census2011,1884.0
Odisha,BALASORE,377,2288802,blended,2937.0
Odisha,BARGARH,370,1489765,census2011,1273.0
Odisha,BHADRAK,378,1509391,census2011,1342.0
Odisha,BOUDH,391,437710,census2011,1212.0
Odisha,CUTTACK,381,2562386,census2011,2029.0
Odisha,DEOGARH,373,344217,blended,791.0
Odisha,DHENKANAL,383,1198423,census2011,1294.0
Odisha,GAJAPATI,389,597457,census2011,1647.0
Odisha,GANJAM,388,3509632,census2011,3286.0
Odisha,JAGATSINGHPUR,380,1120376,census2011,1308.0
Odisha,JAJAPUR,382,1827544,census2011,1823.0
Odisha,JHARSUGUDA,371,576512,census2011,376.0
Odisha,KALAHANDI,395,1587808,census2011,2370.0
Odisha,KANDHAMAL,390,736047,census2011,2572.0
Odisha,KENDRAPARA,379,1435800,census2011,1555.0
Odisha,KEONJHAR (KENDUJHAR),375,1813036,census2011,2223.0
Odisha,KHORDHA,386,2328209,blended,1606.0
Odisha,KORAPUT,398,1331316,census2011,2165.0
Odisha,MALKANGIRI,399,611009,census2011,1104.0
Odisha,MAYURBHANJ,376,2537032,census2011,3985.0
Odisha,NABARANGAPUR,397,1255617,census2011,939.0
Odisha,NAYAGARH,385,968485,census2011,1741.0
Odisha,NUAPARHA,394,610872,census2011,707.0
Odisha,PURI,387,1661262,census2011,1718.0
Odisha,RAYAGARHA,396,968526,census2011,2758.0
Odisha,SAMBALPUR,372,1018647,census2011,1427.0
Odisha,SUBARNAPUR,392,609309,census2011,1004.0
Odisha,SUNDARGARH,374,2104442,census2011,1936.0
Puducherry,KARAIKAL,637,213920,blended,37.0
Puducherry,PUDUCHERRY,635,1034033,blended,92.0
Punjab,AMRITSAR,49,2449828,census2011,752.0
Punjab,BARNALA,54,560976,census2011,141.0
Punjab,BATHINDA,46,1363419,census2011,289.0
Punjab,FARIDKOT,45,607898,census2011,168.0
Punjab,FATEHGARH SAHIB,40,608938,blended,453.0
Punjab,FAZILKA,673,1098493,census2011,374.0
Punjab,FIROZPUR,43,1116158,blended,652.0
Punjab,GURDASPUR,35,1957725,blended,1210.0
Punjab,HOSHIARPUR,38,1564614,census2011,1411.0
Punjab,JALANDHAR,37,2162051,census2011,983.0
Punjab,KAPURTHALA,36,775913,census2011,651.0
Punjab,LUDHIANA,41,3465593,census2011,933.0
Punjab,MALER KOTLA,748,306601,census2011,317.0
Punjab,MANSA,47,743171,census2011,239.0
Punjab,MOGA,42,941538,census2011,319.0
Punjab,PATHANKOT,678,586929,area_share,0.0
Punjab,PATIALA,48,1855704,census2011,969.0
Punjab,RUPNAGAR,51,651796,census2011,604.0
Punjab,SANGRUR,53,1313771,census2011,397.0
Punjab,SAS NAGAR (SAHIBZADA AJIT SINGH NAGAR),52,1004882,blended,420.0
Punjab,SHAHID BHAGAT SINGH NAGAR,39,597508,blended,436.0
Punjab,SRI MUKTSAR SAHIB,44,909149,census2011,235.0
Punjab,TARN TARAN,50,1100684,census2011,492.0
Rajasthan,AJMER,119,2111138,census2011,775.0
Rajasthan,ALWAR,104,2073427,census2011,1692.0
Rajasthan,BALOTRA,785,882010,census2011,0.0
Rajasthan,BANSWARA,125,1803030,census2011,1547.0
Rajasthan,BARAN,128,1264478,census2011,1225.0
Rajasthan,BARMER,115,1748290,census2011,3235.0
Rajasthan,BEAWAR,779,989943,area_share,0.0
Rajasthan,BHARATPUR,105,1458562,census2011,1527.0
Rajasthan,BHILWARA,122,2358644,census2011,1909.0
Rajasthan,BIKANER,101,2381561,census2011,955.0
Rajasthan,BUNDI,121,1148813,blended,896.0
Rajasthan,CHITTAURGARH,126,1562629,census2011,1783.0
Rajasthan,CHURU,102,2052727,census2011,918.0
Rajasthan,DAUSA,109,1618863,blended,1150.0
Rajasthan,DEEG,774,1084727,census2011,0.0
Rajasthan,DHAULPUR,106,1214189,census2011,854.0
Rajasthan,DIDWANA-KUCHAMAN,787,1283879,census2011,0.0
Rajasthan,DUNGARPUR,124,1396027,census2011,1056.0
Rajasthan,GANGANAGAR,99,2036360,blended,3060.0
Rajasthan,HANUMANGARH,100,1729648,census2011,1916.0
Rajasthan,JAIPUR,110,5817193,census2011,2001.0
Rajasthan,JAISALMER,114,653530,census2011,855.0
Rajasthan,JALOR,116,1833059,census2011,836.0
Rajasthan,JHALAWAR,129,1448458,census2011,1631.0
Rajasthan,JHUNJHUNUN,103,2146150,census2011,1003.0
Rajasthan,JODHPUR,113,2156916,census2011,1247.0
Rajasthan,KARAULI,107,1466707,census2011,901.0
Rajasthan,KHAIRTHAL-TIJARA,777,895501,census2011,0.0
Rajasthan,KOTA,127,1785506,census2011,881.0
Rajasthan,KOTPUTLI-BEHROR,780,1478597,area_share,0.0
Rajasthan,NAGAUR,112,2044363,census2011,1660.0
Rajasthan,PALI,118,1642235,census2011,792.0
Rajasthan,PHALODI,783,1545297,area_share,0.0
Rajasthan,PRATAPGARH,131,897461,blended,3144.0
Rajasthan,RAJSAMAND,123,1071283,census2011,1063.0
Rajasthan,SALUMBAR,775,686891,census2011,0.0
Rajasthan,SAWAI MADHOPUR,108,1319482,census2011,833.0
Rajasthan,SIKAR,111,2692344,census2011,1217.0
Rajasthan,SIROHI,117,1030215,census2011,512.0
Rajasthan,TONK,120,1407991,census2011,1216.0
Rajasthan,UDAIPUR,130,2330313,census2011,2524.0
Sikkim,GANGTOK,244,131307,blended,62.0
Sikkim,GYALSHING,242,24289,census2011,70.0
Sikkim,MANGAN,241,11540,census2011,53.0
Sikkim,NAMCHI,243,395324,blended,149.0
Sikkim,PAKYONG,702,36414,census2011,0.0
Sikkim,SORENG,701,11704,census2011,0.0
Tamil Nadu,ARIYALUR,616,751485,census2011,215.0
Tamil Nadu,CHENGALPATTU,754,2319356,census2011,1056.0
Tamil Nadu,CHENNAI,603,4801403,blended,17.0
Tamil Nadu,COIMBATORE,632,3475300,census2011,303.0
Tamil Nadu,CUDDALORE,617,2614879,census2011,885.0
Tamil Nadu,DHARMAPURI,630,1497244,census2011,512.0
Tamil Nadu,DINDIGUL,612,2167100,census2011,415.0
Tamil Nadu,ERODE,610,2255237,census2011,375.0
Tamil Nadu,KALLAKURICHI,760,1594463,census2011,396.0
Tamil Nadu,KANCHEEPURAM,604,1472624,census2011,468.0
Tamil Nadu,KANNIYAKUMARI,629,1865666,census2011,187.0
Tamil Nadu,KARUR,613,1066913,census2011,186.0
Tamil Nadu,KRISHNAGIRI,631,1879875,census2011,673.0
Tamil Nadu,MADURAI,623,3046063,census2011,639.0
Tamil Nadu,MAYILADUTHURAI,696,759883,census2011,270.0
Tamil Nadu,NAGAPATTINAM,618,827350,blended,235.0
Tamil Nadu,NAMAKKAL,609,1730664,census2011,423.0
Tamil Nadu,PERAMBALUR,615,565375,census2011,165.0
Tamil Nadu,PUDUKKOTTAI,621,1619897,census2011,773.0
Tamil Nadu,RAMANATHAPURAM,626,1398496,blended,404.0
Tamil Nadu,RANIPET,750,1202775,census2011,286.0
Tamil Nadu,SALEM,608,3476500,census2011,681.0
Tamil Nadu,SIVAGANGA,622,1325676,census2011,542.0
Tamil Nadu,TENKASI,764,1281150,census2011,0.0
Tamil Nadu,THANJAVUR,620,2396575,census2011,866.0
Tamil Nadu,THE NILGIRIS,611,736565,census2011,60.0
Tamil Nadu,THENI,624,1255292,census2011,129.0
Tamil Nadu,THIRUVARUR,619,1239908,census2011,539.0
Tamil Nadu,THOOTHUKUDI,627,1815175,census2011,477.0
Tamil Nadu,TIRUCHIRAPPALLI,614,2715570,census2011,514.0
Tamil Nadu,TIRUNELVELI,628,1763169,census2011,320.0
Tamil Nadu,TIRUPATHUR,751,1282547,census2011,489.0
Tamil Nadu,TIRUPPUR,633,2472171,census2011,2693.0
Tamil Nadu,TIRUVALLUR,602,3719656,blended,665.0
Tamil Nadu,TIRUVANNAMALAI,606,2476153,census2011,1106.0
Tamil Nadu,VELLORE,605,1460431,census2011,372.0
Tamil Nadu,VILUPPURAM,607,1934795,census2011,918.0
Tamil Nadu,VIRUDHUNAGAR,625,1883650,census2011,620.0
Telangana,ADILABAD,532,699201,census2011,505.0
Telangana,BHADRADRI KOTHAGUDEM,739,1294266,census2011,0.0
Telangana,HANUMAKONDA,731,492563,area_share,0.0
Telangana,HYDERABAD,536,3269292,blended,17.0
Telangana,JAGTIAL,714,926412,census2011,0.0
Telangana,JANGAON,737,600032,census2011,190.0
Telangana,JAYASHANKAR BHUPALPALLI,736,911861,area_share,0.0
Telangana,JOGULAMBA GADWAL,744,587446,census2011,3428.0
Telangana,KAMAREDDY,719,1233156,census2011,0.0
Telangana,KARIMNAGAR,534,700317,census2011,210.0
Telangana,KHAMMAM,541,771379,census2011,368.0
Telangana,KUMURAM BHEEM,705,789014,census2011,0.0
Telangana,MAHABUBABAD,738,1230836,blended,413.0
Telangana,MAHBUBNAGAR,538,504949,blended,298.0
Telangana,MANCHERIAL,697,915556,blended,310.0
Telangana,MEDAK,535,887730,census2011,370.0
Telangana,MEDCHAL-MALKAJGIRI,749,964325,census2011,402.0
Telangana,MULUGU,762,1417147,blended,471.0
Telangana,NAGARKURNOOL,743,1418001,census2011,736.0
Telangana,NALGONDA,539,1831916,census2011,553.0
Telangana,NARAYANPET,763,538952,census2011,790.0
Telangana,NIRMAL,700,654829,census2011,89.0
Telangana,NIZAMABAD,533,1375277,census2011,437.0
Telangana,PEDDAPALLI,715,717880,census2011,0.0
Telangana,RAJANNA SIRCILLA,717,617097,area_share,0.0
Telangana,RANGA REDDY,537,2419911,blended,466.0
Telangana,SANGAREDDY,740,1415084,census2011,53.0
Telangana,SIDDIPET,741,822585,blended,60.0
Telangana,SURYAPET,745,909159,census2011,421.0
Telangana,VIKARABAD,747,2400971,blended,674.0
Telangana,WANAPARTHY,742,505876,census2011,971.0
Telangana,WARANGAL,540,500901,census2011,172.0
Telangana,YADADRI BHUVANAGIRI,746,856393,census2011,326.0
Tripura,DHALAI,291,375283,census2011,0.0
Tripura,GOMTI,725,464796,census2011,0.0
Tripura,KHOWAI,698,584618,census2011,497.0
Tripura,NORTH TRIPURA,292,459665,census2011,0.0
Tripura,SEPAHIJALA,699,593146,census2011,432.0
Tripura,SOUTH TRIPURA,290,402727,census2011,0.0
Tripura,UNAKOTI,706,238190,census2011,0.0
Tripura,WEST TRIPURA,289,555491,census2011,0.0
Uttar Pradesh,AGRA,146,4381442,census2011,951.0
Uttar Pradesh,ALIGARH,143,3586451,census2011,1169.0
Uttar Pradesh,AMBEDKAR NAGAR,178,2363239,census2011,1703.0
Uttar Pradesh,AMETHI,661,1348775,blended,356.0
Uttar Pradesh,AMROHA,137,1746092,blended,1079.0
Uttar Pradesh,AURAIYA,162,1363331,census2011,849.0
Uttar Pradesh,AYODHYA,177,2375527,census2011,1185.0
Uttar Pradesh,AZAMGARH,191,4541835,census2011,4010.0
Uttar Pradesh,BAGHPAT,139,1292233,blended,333.0
Uttar Pradesh,BAHRAICH,180,3587503,blended,1386.0
Uttar Pradesh,BALLIA,193,3212493,census2011,2360.0
Uttar Pradesh,BALRAMPUR,182,2123809,census2011,1021.0
Uttar Pradesh,BANDA,170,1733256,census2011,740.0
Uttar Pradesh,BARA BANKI,176,3302373,census2011,1813.0
Uttar Pradesh,BAREILLY,150,4575611,blended,2074.0
Uttar Pradesh,BASTI,185,2366074,census2011,3202.0
Uttar Pradesh,BHADOHI,198,1567898,census2011,1190.0
Uttar Pradesh,BIJNOR,134,3788062,blended,3010.0
Uttar Pradesh,BUDAUN,149,3028019,census2011,1699.0
Uttar Pradesh,BULANDSHAHR,142,3599270,blended,1256.0
Uttar Pradesh,CHANDAULI,196,1938147,census2011,1639.0
Uttar Pradesh,CHITRAKOOT,171,1020100,blended,651.0
Uttar Pradesh,DEORIA,190,3079826,blended,2093.0
Uttar Pradesh,ETAH,201,1702955,census2011,880.0
Uttar Pradesh,ETAWAH,161,1559596,census2011,694.0
Uttar Pradesh,FARRUKHABAD,159,1869531,census2011,984.0
Uttar Pradesh,FATEHPUR,172,2606150,census2011,1482.0
Uttar Pradesh,FIROZABAD,147,2467586,census2011,810.0
Uttar Pradesh,GAUTAM BUDDHA NAGAR,141,1538497,census2011,144.0
Uttar Pradesh,GHAZIABAD,140,3306982,blended,198.0
Uttar Pradesh,GHAZIPUR,195,3613922,census2011,3386.0
Uttar Pradesh,GONDA,183,3410218,blended,1811.0
Uttar Pradesh,GORAKHPUR,188,4362240,census2011,3175.0
Uttar Pradesh,HAMIRPUR,168,1009952,census2011,617.0
Uttar Pradesh,HAPUR,665,2576137,area_share,0.0
Uttar Pradesh,HARDOI,155,4085302,census2011,2065.0
Uttar Pradesh,HATHRAS,144,1595549,blended,669.0
Uttar Pradesh,JALAUN,165,1687840,census2011,1155.0
Uttar Pradesh,JAUNPUR,194,4490982,census2011,3292.0
Uttar Pradesh,JHANSI,166,1969320,census2011,835.0
Uttar Pradesh,KANNAUJ,160,1645746,census2011,756.0
Uttar Pradesh,KANPUR DEHAT,163,1758960,census2011,1002.0
Uttar Pradesh,KANPUR NAGAR,164,4662665,blended,1015.0
Uttar Pradesh,KASGANJ,202,1406850,census2011,726.0
Uttar Pradesh,KAUSHAMBI,174,1412375,census2011,817.0
Uttar Pradesh,KHERI,153,3976759,census2011,1819.0
Uttar Pradesh,KUSHINAGAR,189,3549532,census2011,1460.0
Uttar Pradesh,LALITPUR,167,1223569,census2011,754.0
Uttar Pradesh,LUCKNOW,157,4576219,census2011,726.0
Uttar Pradesh,MAHOBA,169,901016,blended,526.0
Uttar Pradesh,MAHRAJGANJ,187,2753342,census2011,1219.0
Uttar Pradesh,MAINPURI,148,1921981,census2011,844.0
Uttar Pradesh,MATHURA,145,2525210,census2011,820.0
Uttar Pradesh,MAU,192,2228668,census2011,1524.0
Uttar Pradesh,MEERUT,138,3374014,blended,679.0
Uttar Pradesh,MIRZAPUR,199,2432275,census2011,1971.0
Uttar Pradesh,MORADABAD,135,3918702,blended,1175.0
Uttar Pradesh,MUZAFFARNAGAR,133,2728286,census2011,707.0
Uttar Pradesh,PILIBHIT,151,2089107,blended,1446.0
Uttar Pradesh,PRATAPGARH,173,3192816,census2011,2064.0
Uttar Pradesh,PRAYAGRAJ,175,6180962,blended,2875.0
Uttar Pradesh,RAE BARELI,158,2891023,census2011,1571.0
Uttar Pradesh,RAMPUR,136,2102783,census2011,1172.0
Uttar Pradesh,SAHARANPUR,132,3453626,census2011,1586.0
Uttar Pradesh,SAMBHAL,663,2504981,area_share,0.0
Uttar Pradesh,SANT KABIR NAGAR,186,1753973,blended,1593.0
Uttar Pradesh,SHAHJAHANPUR,152,2747968,census2011,2312.0
Uttar Pradesh,SHAMLI,662,1327507,census2011,534.0
Uttar Pradesh,SHRAWASTI,181,855678,census2011,538.0
Uttar Pradesh,SIDDHARTHNAGAR,184,2548878,census2011,2398.0
Uttar Pradesh,SITAPUR,154,4488980,census2011,2344.0
Uttar Pradesh,SONBHADRA,200,1915840,census2011,1444.0
Uttar Pradesh,SULTANPUR,179,2294491,census2011,1725.0
Uttar Pradesh,UNNAO,156,3070319,census2011,1801.0
Uttar Pradesh,VARANASI,197,3623118,census2011,1247.0
Uttarakhand,ALMORA,64,647541,census2011,2312.0
Uttarakhand,BAGESHWAR,63,261150,census2011,958.0
Uttarakhand,CHAMOLI,57,404819,census2011,1237.0
Uttarakhand,CHAMPAWAT,65,275635,blended,735.0
Uttarakhand,DEHRAD@N,60,1729450,census2011,714.0
Uttarakhand,HARIDWAR,68,1844441,census2011,619.0
Uttarakhand,NAINITAL,66,950212,census2011,1070.0
Uttarakhand,PAURI GARHWAL,61,685772,census2011,3430.0
Uttarakhand,PITHORAGARH,62,498558,census2011,1651.0
Uttarakhand,RUDRAPRAYAG,58,257203,blended,679.0
Uttarakhand,TEHRI GARHWAL,59,638232,census2011,1956.0
Uttarakhand,UDHAM SINGH NAGAR,67,1555000,blended,674.0
Uttarakhand,UTTARKASHI,56,338277,census2011,744.0
West Bengal,ALIPUR DUAR,675,1816399,census2011,382.0
West Bengal,BANKURA,339,3732273,census2011,3835.0
West Bengal,BIRBH@M,334,3627068,census2011,2463.0
West Bengal,DAKSHIN DINAJPUR,331,1795926,blended,1620.0
West Bengal,DARJILING,327,1222193,census2011,853.0
West Bengal,HAORA,341,4998672,census2011,789.0
West Bengal,HUGLI,338,5703540,census2011,1944.0
West Bengal,JALPAIGURI,328,2194584,census2011,911.0
West Bengal,JHARGRAM,727,2028878,census2011,0.0
West Bengal,KALIMPONG,716,658530,census2011,0.0
West Bengal,KOCH BIHAR,329,2896916,blended,1187.0
West Bengal,KOLKATA,342,4774003,blended,1.0
West Bengal,MALDAH,332,4096183,census2011,1803.0
West Bengal,MURSHIDABAD,333,7381263,census2011,2217.0
West Bengal,NADIA,336,5288972,census2011,1363.0
West Bengal,NORTH TWENTY-FOUR PARGANAS,337,6917382,census2011,1635.0
West Bengal,PASCHIM BARDDHAMAN,728,1838866,census2011,0.0
West Bengal,PASCHIM MEDINIPUR,344,4140171,census2011,8708.0
West Bengal,PURBA BARDDHAMAN,335,6176571,census2011,2597.0
West Bengal,PURBA MEDINIPUR,345,5248089,blended,3023.0
West Bengal,PURULIYA,340,3021701,census2011,2699.0
West Bengal,SOUTH 24PARGANAS,343,8744550,blended,2175.0
West Bengal,UTTAR DINAJPUR,330,2973383,census2011,1499.0
