state,district,district_code,drive_hours_to_deendayal_(kandla),drive_hours_to_mumbai,drive_hours_to_jawaharlal_nehru_(jnpt/navi_mumbai),drive_hours_to_mormugao,drive_hours_to_new_mangalore,drive_hours_to_cochin,drive_hours_to_v.o._chidambaranar_(tuticorin),drive_hours_to_chennai,drive_hours_to_kamarajar_(ennore),drive_hours_to_visakhapatnam,drive_hours_to_paradip,drive_hours_to_kolkata_(syama_prasad_mookerjee)_incl._haldia_dock_complex
Andaman and Nicobar Islands,NICOBARS,638.0,105.87,107.87,106.25,110.94,111.29,114.21,116.53,105.51,105.63,92.61,87.64,80.7
Andaman and Nicobar Islands,NORTH AND MIDDLE ANDAMAN,639.0,88.13,90.13,88.51,93.2,93.55,96.47,98.79,87.77,87.89,74.88,69.9,62.96
Andaman and Nicobar Islands,SOUTH ANDAMANS,640.0,95.7,97.71,96.08,100.77,101.12,104.05,106.36,95.35,95.47,82.45,77.48,70.53
Andhra Pradesh,Alluri Sitarama Raju,684.0,34.21,24.52,21.7,21.32,19.13,22.06,24.37,13.36,13.47,3.68,13.69,14.82
Andhra Pradesh,Anakapalli,685.0,33.89,24.21,21.38,21.12,18.94,21.86,24.17,13.16,13.28,1.26,11.9,13.04
Andhra Pradesh,Ananthapuramu,553.0,27.21,16.06,13.1,10.15,7.96,10.89,13.2,6.29,6.4,12.68,23.32,24.46
Andhra Pradesh,Annamayya,693.0,30.39,18.87,15.9,10.99,8.25,10.74,13.05,4.17,4.29,11.99,22.63,23.77
Andhra Pradesh,Bapatla,691.0,30.76,21.08,18.25,19.41,19.49,22.42,24.73,14.53,14.64,7.17,17.81,18.95
Andhra Pradesh,Chittoor,554.0,30.78,19.01,16.04,11.13,7.29,9.78,12.09,3.08,3.2,13.07,23.7,24.84
Andhra Pradesh,Dr. B.R. Ambedkar Konaseema,687.0,30.76,21.08,18.25,19.41,17.28,20.2,22.52,11.51,11.62,4.15,14.79,15.93
Andhra Pradesh,East Godavari,545.0,31.81,22.13,19.17,18.61,16.42,19.35,21.66,10.65,10.76,3.18,13.82,14.96
Andhra Pradesh,Eluru,688.0,33.17,23.02,20.05,19.49,17.31,20.23,22.54,11.53,11.65,4.54,15.18,16.32
Andhra Pradesh,Guntur,548.0,30.02,19.71,16.74,16.17,13.99,16.91,19.23,8.22,8.33,5.99,16.63,17.77
Andhra Pradesh,Kakinada,686.0,31.89,22.21,19.38,20.54,18.41,21.33,23.65,12.64,12.75,5.28,15.92,17.06
Andhra Pradesh,Krishna,547.0,28.85,19.16,16.33,17.5,17.58,20.5,22.82,13.56,13.68,6.2,16.84,17.98
Andhra Pradesh,Kurnool,552.0,25.87,14.73,11.76,12.64,10.61,13.53,15.85,8.94,9.05,14.42,25.06,26.2
Andhra Pradesh,NTR,689.0,27.11,17.42,14.59,15.76,15.84,18.76,21.08,12.56,12.68,7.33,17.27,19.11
Andhra Pradesh,Nandyal,694.0,29.1,18.2,15.23,12.17,9.98,12.9,15.22,5.72,5.84,10.03,20.67,21.81
Andhra Pradesh,Palnadu,690.0,31.65,21.33,18.36,16.84,14.65,17.58,19.89,8.88,8.99,7.89,18.53,19.67
Andhra Pradesh,Parvathipuram Manyam,683.0,33.93,24.25,22.13,23.87,21.73,24.65,26.97,15.96,16.07,3.06,12.5,13.64
Andhra Pradesh,Prakasam,549.0,28.24,17.92,14.95,13.82,11.63,14.56,16.87,5.86,5.98,8.58,19.22,20.36
Andhra Pradesh,Sri Potti Sriramulu Nellore,550.0,31.03,20.72,17.75,12.99,10.81,13.73,16.05,4.69,4.81,10.01,20.65,21.79
Andhra Pradesh,Sri Sathya Sai,695.0,28.9,17.75,14.78,10.06,7.53,10.45,12.77,5.65,5.76,13.05,23.69,24.83
Andhra Pradesh,Srikakulam,542.0,34.11,25.9,23.78,23.67,21.48,24.41,26.72,15.71,15.82,2.81,9.06,10.2
Andhra Pradesh,Tirupati,692.0,32.41,20.89,17.92,13.01,9.26,11.75,14.07,2.0,2.12,12.23,22.87,24.01
Andhra Pradesh,Visakhapatnam,544.0,34.27,24.58,21.89,21.63,19.45,22.37,24.69,13.67,13.79,0.77,10.94,12.08
Andhra Pradesh,Vizianagaram,543.0,33.63,23.94,21.82,22.66,20.48,23.4,25.72,14.71,14.82,1.81,11.25,12.39
Andhra Pradesh,West Godavari,546.0,30.02,20.34,17.51,18.67,18.08,21.01,23.32,12.31,12.42,4.95,15.59,16.73
Andhra Pradesh,Y.S.R.,551.0,30.39,19.14,16.17,11.26,9.08,12.0,14.32,4.46,4.58,10.66,21.29,22.43
Arunachal Pradesh,ANJAW,260.0,54.68,56.69,55.06,59.75,60.1,63.03,65.34,54.33,54.45,41.43,36.46,29.51
Arunachal Pradesh,BICHOM,788.0,56.54,58.54,56.92,61.61,61.96,64.88,67.2,56.19,56.3,43.29,38.31,31.37
Arunachal Pradesh,CHANGLANG,253.0,52.59,54.59,52.97,57.66,58.01,60.93,63.25,52.23,52.35,39.33,34.36,27.42
Arunachal Pradesh,DIBANG VALLEY,257.0,55.74,57.75,56.12,60.81,61.16,64.09,66.4,55.39,55.51,42.49,37.52,30.57
Arunachal Pradesh,EAST KAMENG,247.0,55.79,57.8,56.17,60.86,61.21,64.14,66.45,55.44,55.56,42.54,37.57,30.62
Arunachal Pradesh,EAST SIANG,251.0,52.38,54.39,52.77,57.46,57.81,60.73,63.04,52.03,52.15,39.13,34.16,27.22
Arunachal Pradesh,KAMLE,733.0,55.05,57.06,55.43,60.12,60.47,63.4,65.71,54.7,54.81,41.8,36.82,29.88
Arunachal Pradesh,KEYI PANYOR,789.0,54.04,56.05,54.42,59.11,59.46,62.39,64.7,53.69,53.81,40.79,35.82,28.87
Arunachal Pradesh,KRA DAADI,721.0,55.41,57.41,55.79,60.48,60.83,63.75,66.07,55.05,55.17,42.15,37.18,30.24
Arunachal Pradesh,KURUNG KUMEY,256.0,56.34,58.34,56.72,61.41,61.76,64.68,67.0,55.98,56.1,43.08,38.11,31.17
Arunachal Pradesh,LEPA RADA,729.0,54.48,56.49,54.86,59.55,59.9,62.83,65.14,54.13,54.24,41.23,36.25,29.31
Arunachal Pradesh,LOHIT,259.0,53.67,55.68,54.05,58.74,59.09,62.02,64.33,53.32,53.43,40.42,35.44,28.5
Arunachal Pradesh,LONGDING,680.0,51.0,53.0,51.38,56.07,56.42,59.34,61.66,50.65,50.76,37.75,32.77,25.83
Arunachal Pradesh,LOWER DIBANG VALLEY,258.0,52.9,54.9,53.28,57.97,58.32,61.24,63.56,52.54,52.66,39.64,34.67,27.73
Arunachal Pradesh,LOWER SIANG,723.0,55.14,57.14,55.52,60.21,60.56,63.48,65.79,54.78,54.9,41.88,36.91,29.97
Arunachal Pradesh,LOWER SUBANSIRI,255.0,54.23,56.24,54.61,59.3,59.65,62.58,64.89,53.88,53.99,40.98,36.0,29.06
Arunachal Pradesh,NAMSAI,724.0,52.52,54.53,52.9,57.59,57.94,60.87,63.18,52.17,52.29,39.27,34.3,27.35
Arunachal Pradesh,PAKKE KESSANG,726.0,54.53,56.54,54.91,59.6,59.95,62.87,65.19,54.18,54.29,41.28,36.3,29.36
Arunachal Pradesh,PAPUMPARE,248.0,53.67,55.68,54.05,58.74,59.09,62.01,64.33,53.32,53.43,40.42,35.44,28.5
Arunachal Pradesh,SHI YOMI,730.0,57.81,59.82,58.19,62.88,63.23,66.16,68.47,57.46,57.57,44.56,39.59,32.64
Arunachal Pradesh,SIANG,722.0,54.19,56.2,54.58,59.26,59.61,62.54,64.85,53.84,53.96,40.94,35.97,29.02
Arunachal Pradesh,TAWANG,245.0,46.09,48.09,46.47,51.16,51.51,54.43,56.74,45.73,45.85,32.83,27.86,20.92
Arunachal Pradesh,TIRAP,254.0,51.74,53.74,52.12,56.81,57.16,60.08,62.4,51.38,51.5,38.48,33.51,26.57
Arunachal Pradesh,UPPER SIANG,252.0,54.82,56.83,55.2,59.89,60.24,63.16,65.48,54.47,54.58,41.57,36.59,29.65
Arunachal Pradesh,UPPER SUBANSIRI,249.0,56.27,58.27,56.65,61.34,61.69,64.61,66.93,55.91,56.03,43.01,38.04,31.1
Arunachal Pradesh,WEST KAMENG,246.0,45.1,47.11,45.48,50.17,50.52,53.45,55.76,44.75,44.87,31.85,26.88,19.93
Arunachal Pradesh,WEST SIANG,250.0,53.6,55.6,53.98,58.67,59.02,61.94,64.25,53.24,53.36,40.34,35.37,28.43
Assam,BAJALI,771.0,38.67,40.67,39.05,43.74,44.09,47.01,49.33,38.31,38.43,25.41,20.44,13.5
Assam,BAKSA,324.0,39.24,41.25,39.63,44.31,44.66,47.59,49.9,38.89,39.01,25.99,21.02,14.07
Assam,BARPETA,303.0,40.95,42.95,41.33,46.02,46.37,49.29,51.61,40.59,40.71,27.69,22.72,15.78
Assam,BISWANATH,734.0,53.83,55.84,54.22,58.9,59.26,62.18,64.49,53.48,53.6,40.58,35.61,28.66
Assam,BONGAIGAON,319.0,37.54,39.55,37.93,42.61,42.96,45.89,48.2,37.19,37.31,24.29,19.32,12.37
Assam,CACHAR,316.0,45.67,47.68,46.05,50.74,51.09,54.02,56.33,45.32,45.43,32.42,27.44,20.5
Assam,CHARAIDEO,704.0,50.11,52.11,50.49,55.18,55.53,58.45,60.76,49.75,49.87,36.85,31.88,24.94
Assam,CHIRANG,320.0,38.11,40.11,38.49,43.18,43.53,46.45,48.77,37.76,37.87,24.86,19.88,12.94
Assam,DARANG,325.0,44.02,46.02,44.4,49.09,49.44,52.36,54.68,43.66,43.78,30.76,25.79,18.85
Assam,DHEMAJI,308.0,50.82,52.82,51.2,55.89,56.24,59.16,61.48,50.47,50.58,37.57,32.59,25.65
Assam,DHUBRI,301.0,36.25,38.26,36.63,41.32,41.67,44.59,46.91,35.9,36.01,23.0,18.02,11.08
Assam,DIBRUGARH,310.0,50.85,52.85,51.23,55.92,56.27,59.19,61.5,50.49,50.61,37.59,32.62,25.68
Assam,DIMA HASAO,315.0,45.02,47.02,45.4,50.09,50.44,53.36,55.68,44.67,44.78,31.77,26.79,19.85
Assam,GOALPARA,302.0,38.09,40.1,38.47,43.16,43.51,46.43,48.75,37.74,37.85,24.84,19.86,12.92
Assam,GOLAGHAT,313.0,44.36,46.36,44.74,49.43,49.78,52.7,55.02,44.0,44.12,31.1,26.13,19.19
Assam,HAILAKANDI,318.0,44.58,46.59,44.97,49.65,50.0,52.93,55.24,44.23,44.35,31.33,26.36,19.41
Assam,HOJAI,720.0,42.3,44.31,42.68,47.37,47.72,50.64,52.96,41.95,42.06,29.05,24.07,17.13
Assam,JORHAT,312.0,44.36,46.37,44.75,49.43,49.78,52.71,55.02,44.01,44.13,31.11,26.14,19.19
Assam,KAMRUP METRO,322.0,40.22,42.22,40.6,45.29,45.64,48.56,50.88,39.86,39.98,26.96,21.99,15.05
Assam,KAMRUP RURAL,321.0,39.52,41.52,39.9,44.59,44.94,47.86,50.18,39.16,39.28,26.26,21.29,14.35
Assam,KARBI ANGLONG,314.0,43.27,45.27,43.65,48.34,48.69,51.61,53.93,42.91,43.03,30.01,25.04,18.1
Assam,KOKRAJHAR,300.0,36.26,38.27,36.65,41.34,41.69,44.61,46.93,35.91,36.03,23.01,18.04,11.1
Assam,LAKHIMPUR,307.0,52.41,54.41,52.79,57.48,57.83,60.75,63.07,52.05,52.17,39.15,34.18,27.24
Assam,MAJULI,707.0,49.8,51.81,50.19,54.87,55.22,58.15,60.46,49.45,49.57,36.55,31.58,24.63
Assam,MARIGAON,304.0,41.38,43.39,41.76,46.45,46.8,49.72,52.04,41.03,41.14,28.13,23.15,16.21
Assam,NAGAON,305.0,41.61,43.61,41.99,46.68,47.03,49.95,52.27,41.25,41.37,28.35,23.38,16.44
Assam,NALBARI,323.0,40.51,42.51,40.89,45.58,45.93,48.85,51.17,40.16,40.27,27.26,22.28,15.34
Assam,SIBSAGAR,311.0,49.34,51.35,49.72,54.41,54.76,57.68,60.0,48.99,49.1,36.09,31.11,24.17
Assam,SONITPUR,306.0,42.86,44.87,43.24,47.93,48.28,51.2,53.52,42.51,42.62,29.61,24.63,17.69
Assam,SOUTH SALMARA,664.0,41.06,43.07,41.44,46.13,46.48,49.41,51.72,40.71,40.82,27.81,22.84,15.89
Assam,SRIBHUMI,317.0,44.65,46.66,45.04,49.72,50.07,53.0,55.31,44.3,44.42,31.4,26.43,19.48
Assam,TAMULPUR,766.0,39.77,41.78,40.15,44.84,45.19,48.12,50.43,39.42,39.53,26.52,21.55,14.6
Assam,TINSUKIA,309.0,51.58,53.59,51.96,56.65,57.0,59.93,62.24,51.23,51.35,38.33,33.36,26.41
Assam,UDALGURI,326.0,43.67,45.68,44.06,48.74,49.1,52.02,54.33,43.32,43.44,30.42,25.45,18.51
Assam,WEST KARBI ANAGLONG,752.0,47.5,49.51,47.89,52.57,52.92,55.85,58.16,47.15,47.27,34.25,29.28,22.33
Bihar,Araria,209.0,30.78,33.75,32.13,36.82,38.2,41.12,43.44,32.43,32.54,19.53,14.55,7.61
Bihar,Arwal,240.0,26.34,27.53,25.91,30.6,32.15,37.17,39.48,30.77,30.88,17.87,11.71,10.27
Bihar,Aurangabad,235.0,25.63,26.82,25.19,29.88,31.44,36.46,38.77,29.86,29.98,16.96,10.8,9.36
Bihar,Banka,225.0,31.65,32.83,31.21,35.9,37.46,40.92,43.23,32.22,32.33,19.32,14.34,7.4
Bihar,Begusarai,222.0,28.96,30.15,28.52,33.21,34.77,39.79,42.1,33.32,33.44,20.42,14.33,8.51
Bihar,Bhagalpur,224.0,31.06,32.25,30.62,35.31,36.87,39.88,42.2,31.18,31.3,18.28,13.31,6.37
Bihar,Bhojpur,231.0,25.93,27.12,25.5,30.19,31.75,36.76,39.07,30.7,30.81,18.39,12.23,10.79
Bihar,Buxar,232.0,25.41,26.6,24.97,29.66,31.22,36.23,38.55,30.17,30.29,18.39,12.23,10.79
Bihar,Darbhanga,215.0,28.77,31.74,30.12,34.81,36.37,41.38,43.7,35.32,35.43,22.44,17.46,10.52
Bihar,Gaya,236.0,26.54,27.73,26.11,30.8,32.35,37.37,39.68,29.2,29.32,16.3,10.14,8.7
Bihar,Gopalganj,217.0,27.67,28.85,27.23,31.92,33.48,38.49,40.81,32.43,32.54,21.21,15.05,13.61
Bihar,Jamui,238.0,29.56,30.75,29.12,33.81,35.37,40.39,42.7,33.84,33.96,20.94,14.78,9.38
Bihar,Jehanabad,239.0,28.95,30.14,28.51,33.2,34.76,39.78,42.09,33.38,33.49,20.48,14.32,11.74
Bihar,Kaimur (Bhabua),233.0,24.49,25.68,24.06,28.75,30.3,35.32,37.63,29.26,29.37,18.55,12.39,10.95
Bihar,Katihar,212.0,31.64,32.83,31.2,35.89,37.03,39.95,42.27,31.25,31.37,18.35,13.38,6.44
Bihar,Khagaria,223.0,33.63,35.09,33.47,38.16,39.72,42.88,45.19,34.18,34.3,21.28,16.31,9.37
Bihar,Kishanganj,210.0,31.68,34.47,32.85,37.53,38.65,41.57,43.89,32.88,32.99,19.98,15.0,8.06
Bihar,Lakhisarai,227.0,32.2,33.38,31.76,36.45,38.01,41.47,43.78,32.77,32.88,19.87,14.9,7.95
Bihar,Madhepura,213.0,32.66,34.03,32.41,37.1,38.66,41.82,44.13,33.12,33.24,20.22,15.25,8.31
Bihar,Madhubani,207.0,29.06,32.03,30.41,35.1,36.66,41.67,43.99,34.33,34.44,21.43,16.45,9.51
Bihar,Munger,226.0,31.56,32.75,31.13,35.82,37.37,40.83,43.15,32.13,32.25,19.23,14.26,7.32
Bihar,Muzaffarpur,216.0,27.39,30.37,28.75,33.44,35.0,40.01,42.32,33.95,34.06,22.6,17.16,10.68
Bihar,Nalanda,229.0,28.07,29.26,27.64,32.32,33.88,38.9,41.21,32.5,32.61,19.6,13.44,10.86
Bihar,Nawada,237.0,28.6,29.79,28.17,32.85,34.41,39.43,41.74,33.03,33.14,20.13,13.97,11.45
Bihar,Pashchim Champaran,203.0,26.15,29.3,27.67,32.36,33.92,38.93,41.25,32.87,32.99,22.9,16.74,12.98
Bihar,Patna,230.0,27.42,28.61,26.99,31.68,33.23,38.25,40.56,31.85,31.97,18.95,12.79,10.09
Bihar,Purba Champaran,204.0,26.7,29.68,28.06,32.75,34.31,39.32,41.63,33.26,33.37,22.63,16.47,11.76
Bihar,Purnia,211.0,31.63,32.82,31.2,35.89,37.44,40.61,42.92,31.91,32.03,19.01,14.04,7.09
Bihar,Rohtas,234.0,24.78,25.96,24.34,29.03,30.59,35.6,37.92,29.54,29.66,17.45,11.29,9.86
Bihar,Saharsa,214.0,32.67,34.1,32.47,37.16,38.72,41.88,44.2,33.19,33.3,20.29,15.31,8.37
Bihar,Samastipur,221.0,28.91,30.1,28.48,33.17,34.72,39.74,42.05,33.34,33.45,20.44,14.28,9.07
Bihar,Saran,219.0,28.73,29.92,28.29,32.98,34.54,39.55,41.87,33.15,33.27,20.25,14.09,10.93
Bihar,Sheikhpura,228.0,28.55,29.74,28.12,32.81,34.37,39.38,41.7,32.98,33.1,20.08,13.92,10.5
Bihar,Sheohar,205.0,30.66,33.63,32.01,36.7,38.26,43.27,45.59,36.14,36.26,23.24,18.27,11.32
Bihar,Sitamarhi,206.0,28.35,31.32,29.7,34.39,35.95,40.96,43.28,34.9,35.01,23.38,18.11,11.47
Bihar,Siwan,218.0,27.22,28.41,26.79,31.48,33.03,38.05,40.36,31.98,32.1,20.77,14.61,13.17
Bihar,Supaul,208.0,32.11,34.31,32.69,37.38,38.94,42.07,44.39,33.38,33.49,20.48,15.5,8.56
Bihar,Vaishali,220.0,29.65,32.62,31.0,35.69,37.25,42.26,44.58,36.2,36.31,23.32,18.34,11.4
Chandigarh,CHANDIGARH,55.0,15.48,23.65,24.47,34.62,36.18,43.04,45.35,36.97,37.09,31.47,28.41,26.97
Chhattisgarh,BALOD,645.0,25.42,17.37,15.75,19.74,21.29,25.66,27.97,19.59,19.71,12.59,12.28,13.95
Chhattisgarh,BALODA BAZAR,646.0,26.57,19.49,17.87,22.55,24.11,28.91,31.23,22.85,22.96,12.29,11.97,13.65
Chhattisgarh,BALRAMPUR,642.0,28.52,29.7,28.08,32.77,34.33,38.95,41.27,30.33,30.44,17.43,11.27,9.83
Chhattisgarh,BASTAR,414.0,31.16,21.47,19.35,21.1,21.26,24.18,26.5,17.98,18.1,5.45,11.46,14.33
Chhattisgarh,BEMETARA,644.0,24.91,18.84,17.21,21.9,23.46,28.47,30.79,22.41,22.53,11.63,10.97,12.64
Chhattisgarh,BIJAPUR,417.0,32.86,23.17,21.05,22.8,22.96,25.88,28.2,19.68,19.8,7.15,13.16,16.03
Chhattisgarh,BILASPUR,406.0,26.09,19.37,17.74,22.43,23.99,29.0,31.32,22.94,23.06,12.16,9.86,11.53
Chhattisgarh,DAKSHIN BASTAR DANTEWARA,416.0,32.19,22.51,20.39,22.14,22.3,25.22,27.54,19.02,19.14,6.49,12.5,15.36
Chhattisgarh,DHAMTARI,412.0,26.73,18.68,17.06,21.05,22.61,26.97,29.28,20.9,21.02,12.67,12.35,14.02
Chhattisgarh,DURG,409.0,24.38,17.3,15.67,20.36,21.92,26.93,29.25,20.87,20.99,10.61,10.3,11.97
Chhattisgarh,GARIYABAND,647.0,26.78,19.69,18.07,22.47,24.03,28.39,30.71,22.33,22.44,12.49,12.18,13.85
Chhattisgarh,GAURELA-PENDRA-MARWAHI,669.0,24.43,21.88,20.26,24.95,26.5,31.52,33.83,25.46,25.57,17.39,16.72,18.39
Chhattisgarh,JANJGIR - CHAMPA,405.0,26.53,19.81,18.19,22.88,24.44,29.45,31.77,23.39,23.5,12.61,8.73,10.4
Chhattisgarh,JASHPUR,402.0,29.49,22.77,21.14,25.83,27.39,32.4,34.72,26.34,26.46,15.56,13.26,14.93
Chhattisgarh,KAWARDHA (KABIRDHAM),407.0,23.75,19.41,17.78,22.47,24.03,29.04,31.36,22.98,23.1,12.21,11.54,13.21
Chhattisgarh,KHAIRGARH-CHHUIKHADAN-GANDAI,755.0,25.35,18.27,16.65,21.33,22.89,27.91,30.22,21.84,21.96,12.13,11.82,13.49
Chhattisgarh,KONDAGAON,648.0,32.45,22.76,20.64,22.39,22.55,25.48,27.79,19.16,19.28,6.26,12.27,15.13
Chhattisgarh,KORBA,404.0,27.27,20.55,18.92,23.61,25.17,30.18,32.5,24.12,24.24,13.34,11.04,12.71
Chhattisgarh,KOREA,400.0,30.63,31.82,30.2,34.89,36.44,41.07,43.39,32.44,32.56,19.54,13.38,11.94
Chhattisgarh,MAHASAMUND,411.0,26.19,19.1,17.48,22.17,23.72,28.74,31.05,22.68,22.79,10.4,8.73,10.4
Chhattisgarh,MANENDRAGARH-CHIRMIRI-BHARATPUR,758.0,31.29,32.48,30.86,35.55,37.11,41.73,44.05,33.11,33.22,20.21,14.04,12.61
Chhattisgarh,MOHLA-MANPUR-AMBAGARH CHOWKI,756.0,24.98,16.93,15.3,19.29,20.85,25.21,27.53,19.15,19.27,13.4,13.08,14.76
Chhattisgarh,MUNGELI,643.0,27.2,20.48,18.86,23.55,25.11,30.12,32.44,24.06,24.17,13.28,10.98,12.65
Chhattisgarh,NARAYANPUR,415.0,27.07,17.96,15.93,19.44,20.99,25.36,27.67,19.29,19.41,17.18,18.03,19.7
Chhattisgarh,RAIGARH,403.0,28.99,22.27,20.65,25.34,26.89,31.91,34.22,25.84,25.96,15.07,12.77,14.44
Chhattisgarh,RAIPUR,410.0,25.16,18.08,16.45,21.14,22.7,27.71,30.03,21.65,21.77,10.09,9.78,11.45
Chhattisgarh,RAJNANDGAON,408.0,23.37,16.28,14.66,19.35,20.91,25.92,28.24,19.86,19.97,11.63,11.32,12.99
Chhattisgarh,SAKTI,759.0,27.39,20.67,19.04,23.73,25.29,30.31,32.62,24.24,24.36,13.47,8.49,10.16
Chhattisgarh,SARANGARH-BILAIGARH,757.0,27.42,20.34,18.71,23.4,24.96,29.97,32.29,23.91,24.03,11.63,8.09,9.76
Chhattisgarh,SUKMA,649.0,29.64,19.96,17.84,19.59,19.75,22.67,24.99,16.47,16.59,7.3,13.31,16.17
Chhattisgarh,SURAJPUR,641.0,30.26,31.45,29.82,34.51,36.07,40.7,43.01,32.07,32.18,19.17,13.01,11.57
Chhattisgarh,SURGUJA,401.0,29.92,31.11,29.48,34.17,35.73,40.36,42.67,31.73,31.84,18.83,12.67,11.23
Chhattisgarh,UTTAR BASTAR KANKER,413.0,25.57,17.51,15.89,19.88,21.44,25.8,28.12,19.74,19.85,14.32,14.01,15.68
Dadra and Nagar Haveli and Daman and Diu,DADRA AND NAGAR HAVELI,496.0,12.69,2.79,3.61,14.33,15.89,24.06,26.37,21.69,21.8,23.98,26.81,28.48
Dadra and Nagar Haveli and Daman and Diu,DAMAN,495.0,12.25,2.93,3.75,14.47,16.03,24.2,26.52,21.83,21.95,23.7,26.52,28.19
Dadra and Nagar Haveli and Daman and Diu,DIU,494.0,6.64,11.96,12.79,23.51,25.06,33.23,35.55,30.63,30.74,31.57,34.39,36.06
Delhi,CENTRAL,95.0,17.1,22.31,23.14,31.62,33.17,39.34,41.66,33.28,33.39,27.77,24.71,23.28
Delhi,EAST,93.0,17.26,22.48,23.3,31.79,33.34,39.51,41.83,33.45,33.56,27.94,24.88,23.45
Delhi,NAZUL,,17.12,22.34,23.16,31.65,33.21,39.37,41.69,33.31,33.43,27.81,24.75,23.31
Delhi,NEW DELHI,94.0,15.9,21.12,21.94,32.08,33.64,40.74,43.06,34.68,34.79,31.54,28.59,27.15
Delhi,NORTH,91.0,17.81,24.01,24.84,34.98,36.54,43.64,45.95,37.57,37.69,33.83,30.77,29.33
Delhi,NORTH EAST,92.0,17.02,22.24,23.06,31.62,33.18,39.35,41.66,33.28,33.4,27.78,24.72,23.28
Delhi,NORTH WEST,90.0,15.79,21.01,21.83,31.97,33.53,40.63,42.94,34.56,34.68,31.43,28.48,27.04
Delhi,SHAHDARA,676.0,17.11,22.33,23.15,31.56,33.12,39.29,41.6,33.22,33.34,27.72,24.66,23.22
Delhi,SOUTH,98.0,16.0,21.22,22.04,32.19,33.75,40.84,43.16,34.78,34.9,31.65,28.69,27.25
Delhi,SOUTH EAST,677.0,19.06,24.27,24.16,29.91,31.47,37.64,39.95,31.57,31.69,26.07,23.7,22.26
Delhi,SOUTH WEST,97.0,15.76,20.98,21.8,31.95,33.51,40.6,42.92,34.54,34.66,31.41,28.45,27.01
Delhi,WEST,96.0,15.84,21.06,21.88,32.03,33.59,40.69,43.0,34.62,34.74,31.49,28.53,27.09
Goa,KUSHAVATI,793.0,26.06,14.3,11.33,1.22,4.76,16.14,18.46,13.77,13.89,21.34,30.32,31.99
Goa,NORTH GOA,585.0,22.7,10.94,7.97,7.83,9.39,17.56,19.87,15.19,15.3,21.32,28.67,30.34
Goa,SOUTH GOA,586.0,26.19,14.43,11.46,0.46,4.9,16.28,18.59,13.91,14.03,21.48,30.46,32.13
Gujarat,AHMADABAD,474.0,4.72,11.35,12.18,22.9,24.45,32.62,34.94,30.02,30.13,30.96,32.37,32.31
Gujarat,AMRELI,480.0,4.98,10.9,11.73,22.45,24.01,32.17,34.49,29.57,29.68,30.51,33.33,35.0
Gujarat,ANAND,482.0,7.72,7.26,8.08,18.8,20.36,28.53,30.84,25.92,26.04,26.86,29.68,31.35
Gujarat,ARVALLI,650.0,6.84,8.82,9.64,20.36,21.92,30.09,32.4,27.48,27.6,28.42,30.6,30.54
Gujarat,BANAS KANTHA,469.0,4.19,12.8,13.62,24.34,25.9,34.07,36.38,31.46,31.58,30.92,30.61,30.55
Gujarat,BHARUCH,488.0,10.11,5.55,6.37,17.09,18.65,26.82,29.13,24.21,24.33,25.15,27.97,29.64
Gujarat,BHAVNAGAR,481.0,5.94,9.77,10.59,21.31,22.87,31.04,33.36,28.43,28.55,29.37,32.2,33.87
Gujarat,BOTAD,653.0,4.55,10.42,11.25,21.97,23.52,31.69,34.01,29.09,29.2,30.03,32.85,34.52
Gujarat,CHHOTAUDEPUR,654.0,14.97,6.74,7.57,18.14,19.7,27.87,30.18,24.57,24.69,25.51,28.34,30.01
Gujarat,DAHOD,485.0,13.52,9.66,10.48,21.05,22.61,30.78,33.1,27.49,27.6,28.43,30.62,30.56
Gujarat,DANGS,489.0,13.31,5.0,5.82,14.81,16.36,24.53,26.85,21.24,21.36,22.18,25.0,26.67
Gujarat,DEVBHUMI DWARKA,656.0,4.6,16.35,17.18,27.9,29.45,37.62,39.94,35.02,35.13,35.96,37.24,37.19
Gujarat,GANDHINAGAR,473.0,5.76,10.47,11.29,22.01,23.57,31.74,34.05,29.13,29.25,30.07,31.48,31.43
Gujarat,GIR SOMNATH,652.0,7.14,12.46,13.28,24.0,25.56,33.73,36.05,31.12,31.24,32.06,34.89,36.56
Gujarat,JAMNAGAR,477.0,6.0,15.57,16.4,27.12,28.68,36.84,39.16,34.24,34.35,35.18,37.55,37.5
Gujarat,JUNAGADH,479.0,7.45,13.37,14.2,24.92,26.48,34.65,36.96,32.04,32.15,32.98,35.8,37.47
Gujarat,KACHCHH,468.0,2.74,16.54,17.37,28.09,29.65,37.81,40.13,35.21,35.32,36.15,36.37,36.32
Gujarat,KHEDA,483.0,14.85,10.99,11.82,22.39,23.95,32.12,34.43,28.82,28.94,29.76,31.95,31.89
Gujarat,MAHESANA,471.0,4.7,10.68,11.51,22.23,23.79,31.96,34.27,29.35,29.46,30.29,31.7,31.64
Gujarat,MAHISAGAR,655.0,14.85,11.0,11.82,22.39,23.95,32.12,34.43,28.83,28.94,29.77,31.95,31.9
Gujarat,MORBI,657.0,2.1,13.13,13.95,24.67,26.23,34.4,36.71,31.79,31.91,32.73,34.74,34.68
Gujarat,NARMADA,487.0,17.85,9.53,9.04,16.7,18.26,26.43,28.75,23.14,23.25,24.08,26.9,28.57
Gujarat,NAVSARI,490.0,11.47,3.52,4.34,15.06,16.62,24.79,27.11,22.18,22.3,23.12,25.95,27.62
Gujarat,PANCH MAHALS,484.0,14.06,10.2,11.03,21.6,23.16,31.33,33.64,28.03,28.15,28.97,31.16,31.1
Gujarat,PATAN,470.0,3.37,12.06,12.88,23.6,25.16,33.33,35.64,30.72,30.84,31.66,31.92,31.87
Gujarat,PORBANDAR,478.0,5.52,14.91,15.74,26.46,28.02,36.18,38.5,33.58,33.69,34.52,37.07,37.01
Gujarat,RAJKOT,476.0,4.19,11.74,12.56,23.28,24.84,33.01,35.33,30.4,30.52,31.34,34.17,35.35
Gujarat,SABAR KANTHA,472.0,5.66,9.61,10.44,21.16,22.71,30.88,33.2,28.28,28.39,29.22,30.63,30.57
Gujarat,SURAT,492.0,10.74,4.11,4.93,15.66,17.21,25.38,27.7,22.77,22.89,23.71,26.54,28.21
Gujarat,SURENDRANAGAR,475.0,3.06,11.98,12.8,23.52,25.08,33.25,35.56,30.64,30.76,31.58,34.4,35.64
Gujarat,TAPI,493.0,11.74,4.78,5.61,16.33,17.89,26.05,28.37,23.45,23.56,24.39,27.21,28.88
Gujarat,VADODARA,486.0,8.86,6.2,7.02,17.74,19.3,27.47,29.79,24.86,24.98,25.8,28.63,30.3
Gujarat,VALSAD,491.0,12.65,3.02,3.85,14.57,16.13,24.29,26.61,21.93,22.04,23.1,25.93,27.6
Haryana,AMBALA,70.0,16.22,24.39,25.21,34.41,35.96,42.13,44.45,36.07,36.18,30.56,27.5,26.07
Haryana,BHIWANI,81.0,16.41,21.63,22.45,32.59,34.15,41.25,43.56,35.19,35.3,31.38,28.32,26.88
Haryana,CHARKI DADRI,732.0,15.14,20.36,21.18,31.33,32.89,39.99,42.3,33.92,34.04,30.11,27.05,25.61
Haryana,FARIDABAD,88.0,18.76,23.98,23.86,29.61,31.17,37.34,39.65,31.27,31.39,25.77,23.4,21.96
Haryana,FATEHABAD,78.0,13.57,22.39,23.21,33.52,35.08,42.18,44.49,36.12,36.23,32.31,29.25,27.81
Haryana,GURUGRAM,86.0,15.87,21.09,21.91,32.05,33.61,40.71,43.03,34.65,34.76,31.51,28.56,27.12
Haryana,HISAR,80.0,14.93,22.02,22.84,32.99,34.55,41.64,43.96,35.58,35.7,32.51,29.85,28.41
Haryana,JHAJJAR,83.0,15.54,20.76,21.58,31.73,33.29,40.38,42.7,34.32,34.44,29.28,26.22,24.78
Haryana,JIND,77.0,15.14,21.99,22.81,32.96,34.52,41.61,43.93,35.55,35.67,31.81,28.75,27.31
Haryana,KAITHAL,73.0,14.98,22.89,23.71,33.85,35.41,42.51,44.82,36.45,36.56,32.7,29.64,28.2
Haryana,KARNAL,74.0,16.24,22.45,23.27,33.42,34.98,42.07,44.39,36.01,36.13,32.26,29.2,27.76
Haryana,KURUKSHETRA,72.0,15.7,22.72,23.54,33.68,35.24,42.34,44.65,36.28,36.39,32.53,29.47,28.03
Haryana,MAHENDRAGARH,84.0,15.58,20.79,21.62,31.76,33.32,40.42,42.73,34.35,34.47,30.41,27.35,25.92
Haryana,NUH,87.0,14.99,20.2,21.03,31.17,32.73,39.83,42.14,33.76,33.88,30.63,27.67,26.24
Haryana,PALWAL,89.0,18.3,23.52,23.41,29.16,30.71,36.88,39.2,30.82,30.93,25.31,22.94,21.51
Haryana,PANCHKULA,69.0,15.7,23.88,24.7,34.84,36.4,42.99,45.3,36.92,37.04,31.42,28.36,26.92
Haryana,PANIPAT,75.0,17.01,22.23,23.05,33.19,34.75,41.85,44.16,35.79,35.9,32.65,29.7,28.26
Haryana,REWARI,85.0,16.84,22.05,22.88,33.02,34.58,41.68,43.99,35.61,35.73,32.55,30.49,29.05
Haryana,ROHTAK,82.0,15.43,20.85,21.67,31.81,33.37,40.47,42.78,34.41,34.52,31.08,28.02,26.58
Haryana,SIRSA,79.0,12.76,21.57,22.39,33.11,34.67,42.84,45.16,36.94,37.05,33.13,30.07,28.63
Haryana,SONIPAT,76.0,16.62,21.84,22.66,32.69,34.25,40.42,42.73,34.35,34.47,28.85,25.79,24.35
Haryana,YAMUNANAGAR,71.0,17.17,24.11,24.93,33.86,35.42,41.59,43.9,35.53,35.64,30.02,26.96,25.52
Himachal Pradesh,BILASPUR,30.0,17.51,26.33,27.15,37.56,39.12,46.22,48.53,40.15,40.27,34.65,31.6,30.16
Himachal Pradesh,CHAMBA,23.0,18.14,26.96,27.78,38.5,40.06,48.21,50.53,42.15,42.26,36.67,33.61,32.17
Himachal Pradesh,HAMIRPUR,28.0,16.84,25.66,26.48,37.07,38.63,45.72,48.04,39.66,39.78,34.16,31.1,29.66
Himachal Pradesh,KANGRA,24.0,16.96,25.78,26.6,37.32,38.88,46.35,48.67,40.29,40.41,34.79,31.73,30.29
Himachal Pradesh,KINNAUR,34.0,20.02,28.19,29.02,39.16,40.72,47.38,49.69,41.31,41.43,35.81,32.75,31.31
Himachal Pradesh,KULLU,26.0,19.84,28.25,29.07,39.22,40.78,47.43,49.75,41.37,41.49,35.87,32.81,31.37
Himachal Pradesh,LAHUL & SPITI,25.0,21.75,30.44,31.26,41.41,42.96,49.62,51.94,43.56,43.67,38.05,35.0,33.56
Himachal Pradesh,MANDI,27.0,18.79,27.6,28.42,39.0,40.56,47.22,49.53,41.15,41.27,35.65,32.59,31.15
Himachal Pradesh,SHIMLA,33.0,19.42,27.16,27.99,36.92,38.48,44.64,46.96,38.58,38.7,33.08,29.67,28.23
Himachal Pradesh,SIRMAUR,32.0,17.11,25.28,26.11,35.68,37.24,43.4,45.72,37.34,37.46,31.84,28.45,27.02
Himachal Pradesh,SOLAN,31.0,16.29,24.47,25.29,35.43,36.99,43.65,45.96,37.59,37.7,32.08,29.02,27.58
Himachal Pradesh,UNA,29.0,16.18,25.0,25.82,36.36,37.92,45.02,47.33,38.95,39.07,33.45,30.39,28.96
Jammu and Kashmir,ANANTNAG,14.0,23.18,32.0,32.82,43.54,45.1,53.25,55.57,47.19,47.3,41.71,38.65,37.21
Jammu and Kashmir,BADGAM,2.0,24.42,33.23,34.05,44.78,46.33,54.49,56.8,48.42,48.54,42.95,39.89,38.45
Jammu and Kashmir,BANDIPURA,9.0,25.03,33.84,34.66,45.38,46.94,55.1,57.41,49.03,49.15,43.55,40.49,39.06
Jammu and Kashmir,BARAMULA,8.0,24.75,33.56,34.39,45.11,46.66,54.82,57.13,48.76,48.87,43.28,40.22,38.78
Jammu and Kashmir,DODA,16.0,20.18,28.99,29.81,40.54,42.09,50.25,52.56,44.18,44.3,38.71,35.65,34.21
Jammu and Kashmir,GANDERBAL,11.0,24.58,33.39,34.22,44.94,46.49,54.65,56.96,48.59,48.7,43.11,40.05,38.61
Jammu and Kashmir,JAMMU,21.0,18.06,26.88,27.7,38.42,39.98,48.13,50.45,42.07,42.18,36.59,33.53,32.09
Jammu and Kashmir,KATHUA,7.0,17.3,26.11,26.93,37.65,39.21,47.37,49.68,41.3,41.42,35.82,32.76,31.33
Jammu and Kashmir,KISHTWAR,18.0,22.27,31.08,31.9,42.62,44.18,52.34,54.65,46.27,46.39,40.79,37.73,36.3
Jammu and Kashmir,KULGAM,15.0,23.76,32.57,33.4,44.12,45.67,53.83,56.14,47.77,47.88,42.29,39.23,37.79
Jammu and Kashmir,KUPWARA,1.0,25.4,34.22,35.04,45.76,47.32,55.47,57.79,49.41,49.53,43.93,40.87,39.43
Jammu and Kashmir,MIRPUR,,20.63,29.45,30.27,40.99,42.55,50.7,53.02,44.64,44.75,39.16,36.1,34.66
Jammu and Kashmir,MUZAFFARABAD,,26.92,35.73,36.55,47.27,48.83,56.98,59.3,50.92,51.04,45.44,42.38,40.94
Jammu and Kashmir,PULWAMA,12.0,23.57,32.39,33.21,43.93,45.49,53.64,55.96,47.58,47.7,42.1,39.04,37.6
Jammu and Kashmir,PUNCH,5.0,21.26,30.08,30.9,41.62,43.18,51.33,53.65,45.27,45.39,39.79,36.73,35.29
Jammu and Kashmir,RAJAURI,6.0,19.86,28.67,29.5,40.22,41.78,49.93,52.25,43.87,43.98,38.39,35.33,33.89
Jammu and Kashmir,RAMBAN,17.0,23.82,32.63,33.46,44.18,45.73,53.89,56.2,47.83,47.94,42.35,39.29,37.85
Jammu and Kashmir,RIASI,20.0,19.79,28.6,29.43,40.15,41.71,49.86,52.18,43.8,43.91,38.32,35.26,33.82
Jammu and Kashmir,SAMBA,22.0,17.47,26.29,27.11,37.83,39.39,47.54,49.86,41.48,41.6,36.0,32.94,31.5
Jammu and Kashmir,SHUPIYAN,13.0,24.03,32.85,33.67,44.39,45.95,54.1,56.42,48.04,48.15,42.56,39.5,38.06
Jammu and Kashmir,SRINAGAR,10.0,23.9,32.71,33.53,44.25,45.81,53.97,56.28,47.9,48.02,42.43,39.37,37.93
Jammu and Kashmir,UDHAMPUR,19.0,19.5,28.32,29.14,39.86,41.42,49.57,51.89,43.51,43.62,38.03,34.97,33.53
Jharkhand,BOKARO,355.0,33.0,29.38,27.75,32.44,33.15,36.08,38.39,27.38,27.5,14.48,8.11,4.86
Jharkhand,CHATRA,347.0,27.13,28.32,26.7,31.38,32.94,36.73,39.04,28.1,28.22,15.2,9.04,7.6
Jharkhand,DEOGHAR,350.0,30.18,31.37,29.74,34.43,35.99,41.0,43.32,32.84,32.95,19.94,13.78,8.84
Jharkhand,DHANBAD,354.0,32.34,28.71,27.09,31.78,32.49,35.41,37.73,26.72,26.83,13.82,7.45,3.85
Jharkhand,DUMKA,362.0,31.21,32.4,30.77,35.46,37.02,42.03,44.35,33.87,33.98,20.97,14.81,9.2
Jharkhand,EAST SINGHBHUM,357.0,31.32,27.5,25.88,30.57,30.21,33.14,35.45,24.44,24.55,11.54,6.24,3.49
Jharkhand,GARHWA,346.0,27.72,28.91,27.28,31.97,33.53,38.16,40.47,29.53,29.65,16.63,10.47,9.03
Jharkhand,GIRIDIH,349.0,29.28,30.47,28.84,33.53,35.09,40.1,42.42,31.94,32.05,19.04,12.88,10.38
Jharkhand,GODDA,351.0,31.58,32.77,31.15,35.84,37.39,41.16,43.48,32.47,32.58,19.57,14.59,7.65
Jharkhand,GUMLA,366.0,29.08,26.92,25.29,29.98,31.54,34.98,37.3,26.35,26.47,13.45,8.14,7.43
Jharkhand,HAZARIBAGH,360.0,28.48,29.67,28.05,32.74,34.29,39.31,41.62,31.14,31.26,18.24,12.08,10.64
Jharkhand,JAMTARA,363.0,33.38,29.76,28.13,32.82,32.92,35.84,38.16,27.14,27.26,14.24,8.49,3.77
Jharkhand,KHUNTI,365.0,31.22,27.16,25.54,30.23,30.94,33.86,36.18,25.16,25.28,12.26,5.9,6.12
Jharkhand,KODERMA,348.0,29.38,30.57,28.94,33.63,35.19,40.2,42.52,33.81,33.92,20.91,14.74,12.23
Jharkhand,LATEHAR,359.0,27.71,28.37,26.75,31.43,32.99,36.44,38.75,27.81,27.92,14.91,8.75,7.31
Jharkhand,LOHARDAGA,356.0,28.34,27.32,25.69,30.38,31.94,35.38,37.7,26.75,26.87,13.85,8.13,6.69
Jharkhand,PAKUR,353.0,32.72,33.91,32.28,36.97,38.53,42.37,44.68,33.67,33.79,20.77,15.8,8.86
Jharkhand,PALAMU,358.0,26.55,27.74,26.12,30.81,32.36,37.38,39.69,29.15,29.26,16.25,10.09,8.65
Jharkhand,RAMGARH,361.0,33.91,30.28,28.66,33.35,34.06,36.98,39.3,28.28,28.4,15.38,9.02,5.76
Jharkhand,RANCHI,364.0,29.28,28.22,26.6,31.29,32.0,34.92,37.24,26.22,26.34,13.32,6.96,5.52
Jharkhand,SAHIBGANJ,352.0,32.3,33.43,31.81,36.5,35.82,38.74,41.05,30.04,30.16,17.14,12.17,5.23
Jharkhand,SARAIKELA-KHARSAWAN,369.0,31.08,26.71,25.09,29.77,30.49,33.41,35.72,24.71,24.83,11.81,5.45,4.74
Jharkhand,SIMDEGA,367.0,30.44,25.56,23.94,28.63,30.19,33.63,35.94,25.0,25.12,12.1,6.78,8.19
Jharkhand,WEST SINGHBHUM,368.0,32.14,26.49,24.86,29.55,31.11,34.55,36.87,25.92,26.04,13.02,7.71,9.29
Karnataka,B\dar,558.0,21.5,11.42,8.53,10.85,12.41,18.42,20.73,13.68,13.8,14.81,20.88,22.55
Karnataka,Bagalkot,556.0,21.82,10.68,7.71,5.66,7.22,15.39,17.71,13.02,13.14,17.8,25.35,27.02
Karnataka,Ballari,565.0,26.0,14.86,11.89,11.8,9.75,12.67,14.99,8.08,8.19,13.56,24.2,25.34
Karnataka,Belagavi,555.0,21.89,10.13,7.16,6.68,8.24,16.41,18.72,14.04,14.16,20.37,27.71,29.38
Karnataka,Bengaluru (Rural),583.0,27.96,16.2,13.23,8.32,4.71,8.27,10.58,5.99,6.11,15.13,25.77,26.91
Karnataka,Bengaluru (Urban),572.0,31.2,19.43,16.47,11.55,9.25,12.81,15.12,10.54,10.65,19.06,29.7,30.84
Karnataka,Chamarajanagara,578.0,37.59,25.83,22.86,17.95,14.11,7.28,10.22,14.32,14.44,23.89,34.53,35.67
Karnataka,Chikkaballapura,582.0,28.94,17.17,14.2,9.29,5.8,8.72,11.04,6.09,6.21,13.66,24.3,25.44
Karnataka,Chikkamagaluru,570.0,28.38,16.62,13.65,8.13,3.1,11.72,14.04,9.45,9.57,18.59,29.22,30.36
Karnataka,Chitradurga,566.0,25.94,14.18,11.21,6.29,4.88,10.77,13.09,8.4,8.52,15.97,26.61,27.75
Karnataka,Dakshina Kannada,575.0,28.63,16.87,13.9,5.78,0.75,11.92,14.23,9.65,9.76,18.78,29.42,30.56
Karnataka,Davanagere,567.0,25.33,13.57,10.6,5.68,5.81,12.01,14.32,9.64,9.76,17.21,27.85,28.99
Karnataka,Dharwad,562.0,22.74,10.98,8.01,3.8,5.36,13.53,15.85,11.16,11.28,18.73,26.99,28.67
Karnataka,Gadag,561.0,23.68,11.92,8.95,4.67,6.23,14.4,16.71,12.03,12.15,19.6,27.66,29.33
Karnataka,Hassan,574.0,28.81,17.05,14.08,7.51,2.49,10.27,12.59,8.0,8.12,17.13,27.77,28.91
Karnataka,Haveri,564.0,23.92,12.16,9.19,4.12,4.69,12.67,14.98,10.3,10.41,17.87,28.19,29.65
Karnataka,Kalaburagi,579.0,22.05,10.91,7.94,8.57,10.13,16.15,18.46,11.55,11.67,14.62,22.83,24.5
Karnataka,Kodagu,576.0,29.85,18.09,15.12,7.0,1.97,13.46,15.78,11.19,11.31,20.33,30.96,32.1
Karnataka,Kolara,581.0,29.58,17.82,14.85,9.94,6.1,8.59,10.9,4.4,4.52,14.28,24.92,26.06
Karnataka,Koppal,560.0,23.0,11.86,8.89,5.95,7.51,15.68,17.99,13.31,13.43,18.97,26.53,28.2
Karnataka,Mandya,573.0,29.18,17.42,14.45,9.54,7.23,10.79,13.11,8.52,8.64,17.05,27.68,28.82
Karnataka,Mysuru,577.0,36.21,24.44,21.47,16.56,12.72,5.89,8.83,12.94,13.05,22.5,33.14,34.28
Karnataka,Raichur,559.0,25.25,14.11,11.14,11.06,11.52,14.44,16.76,9.84,9.96,15.33,25.97,27.11
Karnataka,Ramanagara,584.0,30.71,18.95,15.98,11.07,8.76,12.32,14.64,10.05,10.17,18.58,29.21,30.35
Karnataka,Shivamogga,568.0,25.64,13.88,10.91,4.44,3.73,13.24,15.56,10.87,10.99,18.44,29.08,30.22
Karnataka,Tumakuru,571.0,28.33,16.56,13.59,8.68,5.82,9.38,11.69,7.11,7.22,16.0,26.63,27.77
Karnataka,Udupi,569.0,28.0,16.24,13.27,5.19,1.59,14.15,16.47,11.88,12.0,19.45,30.09,31.23
Karnataka,Uttara Kannada,563.0,24.29,12.53,9.56,2.58,4.13,14.95,17.27,12.58,12.7,20.15,28.55,30.22
Karnataka,Vijayanagara,761.0,27.66,15.9,12.93,8.01,6.6,12.68,14.99,10.31,10.42,17.88,28.52,29.66
Karnataka,Vijayapura,557.0,20.89,9.75,6.78,6.7,8.25,16.43,18.74,12.69,12.81,16.48,24.42,26.09
Karnataka,Yadgir,580.0,23.28,12.14,9.17,9.08,10.64,15.18,17.5,10.58,10.7,15.85,24.06,25.73
Kerala,Alappuzha,598.0,38.39,26.63,23.66,18.75,14.9,4.56,7.64,15.12,15.24,24.69,35.33,36.47
Kerala,Ernakulam,595.0,36.44,24.67,21.7,16.79,12.95,0.74,6.69,13.17,13.28,22.73,33.37,34.51
Kerala,Idukki,596.0,37.1,25.33,22.36,17.45,13.61,2.16,6.11,13.83,13.94,23.39,34.03,35.17
Kerala,Kannur,589.0,37.66,25.89,22.92,18.01,14.17,5.81,10.15,14.39,14.5,23.95,34.59,35.73
Kerala,Kasaragod,588.0,29.26,17.5,14.53,6.41,1.39,13.75,16.07,11.48,11.6,20.61,31.25,32.39
Kerala,Kollam,600.0,39.0,27.24,24.27,19.35,15.51,5.17,8.25,15.73,15.85,25.3,35.93,37.07
Kerala,Kottayam,597.0,37.95,26.19,23.22,18.31,14.47,4.12,7.21,14.69,14.8,24.25,34.89,36.03
Kerala,Kozhikode,591.0,36.48,24.72,21.75,16.84,13.0,4.64,8.98,13.22,13.33,22.78,33.42,34.56
Kerala,Malappuram,592.0,35.49,23.72,20.75,15.84,12.0,3.64,7.98,12.22,12.33,21.78,32.42,33.56
Kerala,Palakkad,593.0,34.28,22.52,19.55,14.64,10.79,2.43,6.78,11.01,11.13,20.58,31.22,32.36
Kerala,Pathanamthitta,599.0,38.01,26.25,23.28,18.37,14.53,4.18,7.27,14.75,14.86,24.31,34.95,36.09
Kerala,Thiruvananthapuram,601.0,40.05,28.29,25.32,20.41,16.57,8.66,3.37,16.79,16.9,26.35,36.99,38.13
Kerala,Thrissur,594.0,34.95,23.18,20.21,15.3,11.46,1.24,7.44,11.68,11.79,21.24,31.88,33.02
Kerala,Wayanad,590.0,37.08,25.32,22.35,17.44,13.6,5.33,9.68,13.82,13.93,23.38,34.02,35.16
Ladakh,KARGIL,4.0,31.07,39.75,40.57,50.72,52.28,58.93,61.25,52.87,52.99,47.37,44.31,42.87
Ladakh,LEH,3.0,28.32,37.01,37.83,47.98,49.53,56.19,58.51,50.13,50.24,44.63,41.57,40.13
Lakshadweep,Lakshadweep,587.0,43.34,31.58,28.61,23.7,19.86,11.5,15.84,20.08,20.19,29.64,40.28,41.42
Madhya Pradesh,AGAR MALWA,735.0,14.46,18.48,16.85,22.6,24.16,31.26,33.57,25.19,25.31,22.13,21.81,23.48
Madhya Pradesh,ALIRAJPUR,465.0,13.84,7.89,8.71,19.28,20.84,29.01,31.32,25.71,25.83,26.65,29.48,30.88
Madhya Pradesh,ANUPPUR,461.0,23.11,20.56,18.94,23.63,25.19,30.2,32.52,24.14,24.25,16.07,15.41,17.08
Madhya Pradesh,ASHOKNAGAR,459.0,19.06,19.72,18.1,23.85,25.4,32.5,34.82,26.44,26.55,23.37,23.06,24.73
Madhya Pradesh,BALAGHAT,457.0,23.85,16.84,15.22,19.91,21.47,26.48,28.8,20.42,20.53,14.09,13.78,15.45
Madhya Pradesh,BARWANI,441.0,17.33,9.02,8.53,15.95,17.5,25.67,27.99,22.38,22.5,23.32,26.14,27.81
Madhya Pradesh,BETUL,447.0,18.42,12.87,11.25,17.0,18.56,25.69,28.01,19.63,19.74,16.56,16.25,17.92
Madhya Pradesh,BHIND,420.0,18.31,22.4,21.53,27.28,28.84,34.57,36.89,28.51,28.62,23.0,20.54,19.1
Madhya Pradesh,BHOPAL,444.0,16.07,16.72,15.1,20.85,22.41,29.51,31.82,23.44,23.56,20.38,20.06,21.73
Madhya Pradesh,BURHANPUR,467.0,18.97,10.16,8.53,15.87,17.43,25.6,27.92,21.74,21.85,21.31,24.13,25.8
Madhya Pradesh,CHHATARPUR,425.0,17.97,22.06,21.5,27.03,28.59,33.6,35.91,27.54,27.65,21.9,20.27,18.83
Madhya Pradesh,CHHINDWARA,455.0,21.2,15.51,13.89,19.53,21.09,26.1,28.42,20.04,20.15,16.7,16.38,18.05
Madhya Pradesh,DAMOH,428.0,19.47,18.92,17.3,21.99,23.55,28.56,30.88,22.5,22.61,16.86,16.19,17.86
Madhya Pradesh,DATIA,422.0,16.87,20.95,20.73,26.48,28.04,33.12,35.44,27.06,27.18,21.56,20.89,20.22
Madhya Pradesh,DEWAS,437.0,19.78,11.47,10.98,18.41,19.97,28.14,30.45,24.77,24.89,24.83,27.65,29.32
Madhya Pradesh,DHAR,438.0,13.39,10.45,11.27,21.84,23.4,31.57,33.89,28.28,28.39,29.22,30.49,30.43
Madhya Pradesh,DINDORI,453.0,22.61,19.49,17.87,22.55,24.11,29.13,31.44,23.06,23.18,15.0,14.33,16.0
Madhya Pradesh,GUNA,458.0,15.44,18.46,16.84,22.59,24.15,31.24,33.56,25.18,25.3,22.11,21.8,23.13
Madhya Pradesh,GWALIOR,421.0,16.84,20.93,20.71,26.46,28.02,33.1,35.42,27.04,27.16,21.54,20.87,19.99
Madhya Pradesh,HARDA,448.0,20.37,14.61,12.98,18.74,20.29,27.64,29.95,21.57,21.69,18.51,18.19,19.86
Madhya Pradesh,INDORE,439.0,13.37,11.34,12.17,22.74,24.3,32.46,34.78,29.17,29.29,30.11,30.47,30.41
Madhya Pradesh,JABALPUR,451.0,20.5,18.33,16.7,22.45,24.01,29.1,31.41,23.03,23.15,17.23,16.56,18.23
Madhya Pradesh,JHABUA,464.0,13.89,9.87,10.69,21.26,22.82,30.99,33.31,27.7,27.81,28.64,30.99,30.93
Madhya Pradesh,KATNI,450.0,21.6,18.64,17.01,21.7,23.26,28.28,30.59,22.21,22.33,16.57,15.91,17.4
Madhya Pradesh,KHANDWA,466.0,21.02,15.26,13.63,19.38,20.94,28.29,30.6,22.22,22.34,19.16,18.84,20.51
Madhya Pradesh,KHARGONE,440.0,18.3,9.99,9.5,16.94,18.5,26.66,28.98,23.3,23.41,23.35,26.18,27.85
Madhya Pradesh,MAIHAR,768.0,23.35,20.38,18.76,23.45,25.01,30.02,32.34,23.96,24.07,18.32,17.41,15.98
Madhya Pradesh,MANDLA,454.0,22.65,19.05,17.43,22.11,23.67,28.69,31.0,22.62,22.74,14.56,13.89,15.56
Madhya Pradesh,MANDSAUR,433.0,11.26,14.51,15.34,25.91,27.47,35.64,37.95,31.74,31.86,28.67,28.36,28.3
Madhya Pradesh,MAUGANJ,767.0,22.86,21.84,20.22,24.9,26.46,31.48,33.79,25.41,25.53,19.77,16.27,14.83
Madhya Pradesh,MORENA,419.0,17.65,21.74,20.72,26.47,28.03,34.2,36.51,28.14,28.25,22.63,21.51,20.08
Madhya Pradesh,NARMADAPURAM,449.0,17.53,14.4,12.78,18.53,20.09,27.19,29.5,21.12,21.24,18.05,17.74,19.41
Madhya Pradesh,NARSIMHAPUR,452.0,19.28,16.61,14.99,20.51,22.06,27.08,29.39,21.01,21.13,17.32,16.65,18.32
Madhya Pradesh,NEEMUCH,432.0,10.48,13.74,14.56,25.13,26.69,34.86,37.18,30.96,31.08,27.9,27.58,27.53
Madhya Pradesh,NIWARI,753.0,16.1,20.19,19.34,25.09,26.65,31.7,34.02,25.64,25.76,20.0,19.33,18.95
Madhya Pradesh,PANDHURNA,769.0,20.08,14.4,12.77,18.49,20.05,25.07,27.38,19.0,19.12,15.66,15.35,17.02
Madhya Pradesh,PANNA,426.0,20.31,21.28,19.65,25.15,26.71,31.72,34.04,25.66,25.77,20.02,19.35,19.41
Madhya Pradesh,RAISEN,446.0,18.41,16.24,14.61,20.36,21.92,29.02,31.33,22.96,23.07,19.49,18.82,20.49
Madhya Pradesh,RAJGARH,442.0,14.52,17.42,15.8,21.55,23.11,30.21,32.52,24.14,24.26,21.08,20.76,22.43
Madhya Pradesh,RATLAM,434.0,12.03,12.66,13.48,24.05,25.61,33.78,36.1,30.49,30.6,29.45,29.14,29.08
Madhya Pradesh,REWA,430.0,22.81,21.63,20.01,24.7,26.26,31.27,33.59,25.21,25.32,19.57,16.63,15.19
Madhya Pradesh,SAGAR,427.0,18.66,18.37,16.74,22.49,24.05,29.14,31.45,23.07,23.19,19.1,18.44,19.68
Madhya Pradesh,SATNA,429.0,19.79,23.88,23.32,28.85,30.41,35.42,37.74,29.36,29.47,23.72,22.09,20.65
Madhya Pradesh,SEHORE,445.0,16.17,16.86,15.24,20.99,22.55,29.65,31.96,23.58,23.7,20.51,20.2,21.87
Madhya Pradesh,SEONI,456.0,21.38,16.31,14.69,19.38,20.94,25.95,28.27,19.89,20.0,16.43,16.12,17.79
Madhya Pradesh,SHAHDOL,460.0,33.46,34.65,33.03,37.72,39.27,43.9,46.22,35.27,35.39,22.37,16.21,14.78
Madhya Pradesh,SHAJAPUR,436.0,15.32,18.23,16.6,22.36,23.91,31.01,33.33,24.95,25.06,21.88,21.57,23.24
Madhya Pradesh,SHEOPUR,418.0,15.9,19.99,20.81,28.56,30.12,36.29,38.6,30.22,30.34,24.72,23.6,22.16
Madhya Pradesh,SHIVPURI,423.0,14.66,18.75,19.57,26.13,27.69,32.77,35.09,26.71,26.83,21.49,20.83,20.15
Madhya Pradesh,SIDHI,462.0,24.59,22.24,20.61,25.3,26.86,31.88,34.19,25.81,25.93,20.17,18.4,16.97
Madhya Pradesh,SINGRAULI,463.0,25.23,22.87,21.25,25.94,27.5,32.51,34.83,26.45,26.56,20.81,19.04,17.6
Madhya Pradesh,TIKAMGARH,424.0,17.55,20.53,18.9,24.65,26.21,31.26,33.58,25.2,25.32,19.56,18.89,20.14
Madhya Pradesh,UJJAIN,435.0,16.25,20.27,18.64,24.39,25.95,33.05,35.37,26.99,27.1,23.92,23.61,25.28
Madhya Pradesh,UMARIA,431.0,23.25,20.28,18.66,23.35,24.91,29.92,32.24,23.86,23.97,17.97,17.3,18.21
Madhya Pradesh,VIDISHA,443.0,17.08,17.73,16.11,21.86,23.42,30.52,32.83,24.45,24.57,21.38,21.07,22.74
Maharashtra,AHILYANAGAR,522.0,16.74,6.66,3.77,11.11,12.67,20.83,23.15,17.49,17.61,19.21,22.5,24.17
Maharashtra,AKOLA,501.0,20.49,10.81,9.18,14.93,16.49,23.83,26.14,18.35,18.47,17.93,18.17,19.84
Maharashtra,AMRAVATI,503.0,20.26,12.1,10.47,16.22,17.78,25.43,27.74,19.75,19.87,17.07,16.75,18.42
Maharashtra,BEED,523.0,18.24,8.16,5.26,11.45,13.0,21.18,23.49,16.82,16.93,17.58,21.54,23.21
Maharashtra,BHANDARA,506.0,21.91,14.83,13.2,17.89,19.45,24.47,26.78,18.4,18.52,13.28,12.97,14.64
Maharashtra,BULDHANA,500.0,18.98,9.38,7.76,13.94,15.49,23.67,25.98,19.53,19.65,19.1,20.27,21.94
Maharashtra,CHANDRAPUR,509.0,23.73,14.62,13.0,16.99,18.55,22.91,25.22,16.84,16.96,15.54,15.23,16.9
Maharashtra,CHHATRAPATI SAMBHAJI NAGAR,515.0,15.91,6.64,5.23,12.57,14.13,22.3,24.61,18.58,18.69,18.63,21.46,23.13
Maharashtra,DHARASHIV,525.0,19.86,9.45,6.48,9.02,10.58,18.75,21.06,14.85,14.96,16.18,22.2,23.87
Maharashtra,DHULE,498.0,15.64,7.32,6.83,14.81,16.37,24.54,26.85,21.24,21.36,22.18,25.01,26.68
Maharashtra,DHULE,598.0,15.59,7.27,6.78,14.76,16.32,24.49,26.8,21.2,21.31,22.14,24.96,26.63
Maharashtra,GADCHIROLI,508.0,24.5,16.45,14.53,18.4,19.95,24.32,26.63,18.25,18.37,15.76,15.44,17.11
Maharashtra,GONDIA,507.0,22.75,15.66,14.04,18.73,20.29,25.3,27.62,19.24,19.35,12.67,12.36,14.03
Maharashtra,HINGOLI,512.0,20.36,10.67,9.05,13.45,15.01,21.67,23.99,16.2,16.32,15.77,18.97,20.64
Maharashtra,JALGAON,499.0,16.52,8.16,7.47,14.81,16.36,24.53,26.85,20.67,20.79,20.24,23.06,24.73
Maharashtra,JALNA,514.0,17.26,7.57,5.95,12.13,13.68,21.86,24.17,17.8,17.92,17.37,20.19,21.86
Maharashtra,KOLHAPUR,530.0,21.05,9.29,6.32,7.85,9.4,17.57,19.89,15.21,15.32,20.7,27.21,28.88
Maharashtra,LATUR,524.0,20.47,10.39,7.49,10.39,11.94,19.53,21.84,14.79,14.91,15.84,20.88,22.55
Maharashtra,MUMBAI,519.0,14.71,0.63,3.77,14.49,16.05,24.22,26.53,21.85,21.97,24.63,27.45,29.12
Maharashtra,MUMBAI SUBURBAN,518.0,14.95,3.19,1.26,11.98,13.54,21.71,24.02,19.34,19.45,22.26,26.29,27.96
Maharashtra,NAGPUR,505.0,20.99,13.62,12.0,17.47,19.02,24.04,26.35,17.98,18.09,14.7,14.38,16.05
Maharashtra,NANDED,511.0,20.44,10.76,8.41,12.46,14.02,20.69,23.0,14.98,15.09,14.55,18.92,20.59
Maharashtra,NANDURBAR,497.0,16.54,8.23,7.74,15.15,16.71,24.88,27.2,21.59,21.7,22.53,25.35,27.02
Maharashtra,NASHIK,516.0,14.07,5.76,5.27,13.43,14.98,23.15,25.47,19.86,19.98,20.8,23.62,25.29
Maharashtra,PALGHAR,681.0,13.61,1.85,2.2,12.92,14.48,22.65,24.97,20.28,20.4,23.06,25.89,27.56
Maharashtra,PARBHANI,513.0,19.21,9.53,7.15,11.64,13.2,21.14,23.46,16.41,16.53,16.01,19.85,21.52
Maharashtra,PUNE,521.0,16.74,4.98,2.01,10.06,11.62,19.79,22.11,17.42,17.54,20.32,24.49,26.16
Maharashtra,RAIGAD,520.0,16.38,4.62,1.65,11.58,13.14,21.31,23.62,18.94,19.06,21.86,25.89,27.56
Maharashtra,RATNAGIRI,528.0,20.72,8.96,5.99,9.2,10.76,18.93,21.24,16.56,16.67,21.29,27.31,28.98
Maharashtra,SANGLI,531.0,19.68,7.92,4.95,7.29,8.85,17.02,19.34,14.65,14.77,18.9,25.04,26.71
Maharashtra,SATARA,527.0,18.79,7.02,4.05,8.64,10.2,18.37,20.69,16.0,16.12,19.23,24.67,26.35
Maharashtra,SINDHUDURG,529.0,21.73,9.97,7.0,8.01,9.57,17.74,20.05,15.37,15.49,21.38,27.88,29.55
Maharashtra,SOLAPUR,526.0,18.82,7.68,4.71,8.37,9.93,18.1,20.42,14.76,14.87,17.67,23.49,25.16
Maharashtra,THANE,517.0,16.46,4.7,1.73,12.01,13.57,21.73,24.05,19.37,19.48,21.55,25.27,26.94
Maharashtra,WARDHA,504.0,22.22,13.2,11.58,15.81,17.37,23.28,25.6,17.22,17.34,15.36,15.05,16.72
Maharashtra,WASHIM,502.0,19.63,9.95,8.33,14.08,15.64,22.96,25.27,17.48,17.6,17.05,17.98,19.65
Maharashtra,YAVATMAL,510.0,23.47,14.14,12.02,15.88,17.44,21.8,24.12,15.74,15.85,15.27,16.57,18.24
Manipur,BISHNUPUR,275.0,48.26,50.26,48.64,53.33,53.68,56.6,58.92,47.9,48.02,35.0,30.03,23.09
Manipur,CHANDEL,280.0,48.88,50.88,49.26,53.95,54.3,57.22,59.54,48.52,48.64,35.62,30.65,23.71
Manipur,CHURACHANDPUR,274.0,48.53,50.54,48.92,53.6,53.96,56.88,59.19,48.18,48.3,35.28,30.31,23.36
Manipur,IMPHAL EAST,278.0,47.72,49.73,48.1,52.79,53.14,56.06,58.38,47.37,47.48,34.47,29.49,22.55
Manipur,IMPHAL WEST,277.0,47.77,49.78,48.16,52.84,53.19,56.12,58.43,47.42,47.54,34.52,29.55,22.6
Manipur,JIRIBAM,658.0,50.51,52.51,50.89,55.58,55.93,58.85,61.17,50.16,50.27,37.26,32.28,25.34
Manipur,KAKCHING,651.0,48.71,50.72,49.09,53.78,54.13,57.06,59.37,48.36,48.47,35.46,30.48,23.54
Manipur,KAMJANG,670.0,48.7,50.7,49.08,53.77,54.12,57.04,59.36,48.35,48.46,35.45,30.47,23.53
Manipur,KANGPOKPI,679.0,47.48,49.48,47.86,52.55,52.9,55.82,58.14,47.13,47.24,34.23,29.25,22.31
Manipur,NONEY,659.0,49.5,51.51,49.88,54.57,54.92,57.84,60.16,49.15,49.26,36.25,31.27,24.33
Manipur,PHERZAWL,718.0,50.18,52.19,50.56,55.25,55.6,58.52,60.84,49.83,49.94,36.93,31.95,25.01
Manipur,SENAPATI,272.0,46.45,48.45,46.83,51.52,51.87,54.79,57.11,46.09,46.21,33.19,28.22,21.28
Manipur,TAMENGLONG,273.0,49.71,51.72,50.1,54.78,55.14,58.06,60.37,49.36,49.48,36.46,31.49,24.54
Manipur,TENGNOUPAL,667.0,48.8,50.81,49.18,53.87,54.22,57.14,59.46,48.45,48.56,35.55,30.57,23.63
Manipur,THOUBAL,276.0,47.94,49.94,48.32,53.01,53.36,56.28,58.6,47.58,47.7,34.68,29.71,22.77
Manipur,UKHRUL,279.0,48.19,50.2,48.57,53.26,53.61,56.53,58.85,47.84,47.95,34.94,29.96,23.02
Meghalaya,EAST GARO HILLS,294.0,39.78,41.78,40.16,44.85,45.2,48.12,50.44,39.43,39.54,26.53,21.55,14.61
Meghalaya,EAST JAINTIA HILLS,666.0,42.87,44.88,43.25,47.94,48.29,51.21,53.53,42.52,42.63,29.62,24.64,17.7
Meghalaya,EAST KHASI HILLS,298.0,41.65,43.65,42.03,46.72,47.07,49.99,52.31,41.29,41.41,28.39,23.42,16.48
Meghalaya,EASTERN WEST KHASI HILLS,765.0,41.13,43.13,41.51,46.2,46.55,49.47,51.79,40.78,40.89,27.88,22.9,15.96
Meghalaya,NORTH GARO HILLS,674.0,38.82,40.83,39.21,43.89,44.24,47.17,49.48,38.47,38.59,25.57,20.6,13.65
Meghalaya,RI-BHOI,297.0,40.66,42.66,41.04,45.73,46.08,49.0,51.32,40.3,40.42,27.4,22.43,15.49
Meghalaya,SOUTH GARO HILLS,295.0,39.93,41.94,40.31,45.0,45.35,48.28,50.59,39.58,39.7,26.68,21.71,14.76
Meghalaya,SOUTH WEST GARO HILLS,660.0,40.98,42.99,41.36,46.05,46.4,49.32,51.64,40.63,40.74,27.73,22.75,15.81
Meghalaya,SOUTH WEST KHASI HILLS,668.0,40.97,42.98,41.35,46.04,46.39,49.31,51.63,40.62,40.73,27.72,22.74,15.8
Meghalaya,WEST GARO HILLS,293.0,40.4,42.41,40.78,45.47,45.82,48.75,51.06,40.05,40.16,27.15,22.17,15.23
Meghalaya,WEST JAINTIA HILLS,299.0,42.06,44.06,42.44,47.13,47.48,50.4,52.72,41.7,41.82,28.8,23.83,16.89
Meghalaya,WEST KHASI HILLS,296.0,40.2,42.21,40.58,45.27,45.62,48.55,50.86,39.85,39.97,26.95,21.98,15.03
Mizoram,AIZAWL,283.0,47.56,49.57,47.94,52.63,52.98,55.9,58.22,47.21,47.32,34.31,29.33,22.39
Mizoram,CHAMPHAI,284.0,48.85,50.85,49.23,53.92,54.27,57.19,59.51,48.49,48.61,35.59,30.62,23.68
Mizoram,HNAHTHIAL,713.0,48.86,50.86,49.24,53.93,54.28,57.2,59.52,48.5,48.62,35.6,30.63,23.69
Mizoram,KHAWZAWL,703.0,48.54,50.54,48.92,53.61,53.96,56.88,59.2,48.19,48.3,35.29,30.31,23.37
Mizoram,KOLASIB,282.0,45.69,47.7,46.07,50.76,51.11,54.03,56.35,45.34,45.45,32.44,27.46,20.52
Mizoram,LAWNGTLAI,287.0,50.84,52.85,51.22,55.91,56.26,59.18,61.5,50.49,50.6,37.59,32.61,25.67
Mizoram,LUNGLEI,286.0,50.27,52.27,50.65,55.34,55.69,58.61,60.93,49.92,50.03,37.02,32.04,25.1
Mizoram,MAMIT,281.0,46.13,48.14,46.51,51.2,51.55,54.48,56.79,45.78,45.9,32.88,27.91,20.96
Mizoram,SAIHA,288.0,51.33,53.33,51.71,56.4,56.75,59.67,61.98,50.97,51.09,38.07,33.1,26.16
Mizoram,SAITUAL,682.0,48.5,50.51,48.89,53.57,53.92,56.85,59.16,48.15,48.27,35.25,30.28,23.33
Mizoram,SERCHHIP,285.0,48.03,50.03,48.41,53.1,53.45,56.37,58.69,47.67,47.79,34.77,29.8,22.86
Nagaland,CHUMOUKEDIMA,711.0,45.21,47.21,45.59,50.28,50.63,53.55,55.87,44.85,44.97,31.95,26.98,20.04
Nagaland,DIMAPUR,265.0,44.08,46.09,44.46,49.15,49.5,52.43,54.74,43.73,43.84,30.83,25.86,18.91
Nagaland,KIPHIRE,269.0,48.77,50.78,49.15,53.84,54.19,57.12,59.43,48.42,48.53,35.52,30.55,23.6
Nagaland,KOHIMA,270.0,45.83,47.84,46.21,50.9,51.25,54.18,56.49,45.48,45.59,32.58,27.6,20.66
Nagaland,LONGLENG,268.0,48.83,50.83,49.21,53.9,54.25,57.17,59.49,48.47,48.59,35.57,30.6,23.66
Nagaland,MOKOKCHUNG,262.0,45.3,47.3,45.68,50.37,50.72,53.64,55.96,44.94,45.06,32.04,27.07,20.13
Nagaland,MON,261.0,49.53,51.53,49.91,54.6,54.95,57.87,60.19,49.17,49.29,36.27,31.3,24.36
Nagaland,NIULAND,709.0,45.66,47.67,46.05,50.73,51.09,54.01,56.32,45.31,45.43,32.41,27.44,20.5
Nagaland,NOKLAK,708.0,49.99,51.99,50.37,55.06,55.41,58.33,60.65,49.63,49.75,36.73,31.76,24.82
Nagaland,PEREN,271.0,45.29,47.3,45.67,50.36,50.71,53.64,55.95,44.94,45.05,32.04,27.07,20.12
Nagaland,PHEK,266.0,49.53,51.53,49.91,54.6,54.95,57.87,60.18,49.17,49.29,36.27,31.3,24.36
Nagaland,SHAMATOR,712.0,49.61,51.61,49.99,54.68,55.03,57.95,60.27,49.26,49.37,36.36,31.38,24.44
Nagaland,TSEMINYU,710.0,46.55,48.55,46.93,51.62,51.97,54.89,57.21,46.19,46.31,33.29,28.32,21.38
Nagaland,TUENSANG,267.0,50.61,52.61,50.99,55.68,56.03,58.95,61.27,50.25,50.37,37.35,32.38,25.44
Nagaland,WOKHA,264.0,47.21,49.22,47.59,52.28,52.63,55.55,57.87,46.86,46.97,33.96,28.98,22.04
Nagaland,ZUNHEBOTO,263.0,48.22,50.23,48.6,53.29,53.64,56.56,58.88,47.87,47.98,34.97,29.99,23.05
Odisha,ANUGUL,384.0,31.55,24.47,22.84,27.53,28.84,31.76,34.08,24.01,24.13,11.11,6.63,8.3
Odisha,BALANGIR,393.0,29.43,22.35,20.72,25.25,25.41,28.33,30.65,20.58,20.7,7.68,7.56,10.42
Odisha,BALASORE,377.0,33.48,27.66,26.03,30.11,27.92,30.85,33.16,22.15,22.27,9.25,6.11,3.41
Odisha,BARGARH,370.0,29.95,22.87,21.24,25.77,25.93,28.85,31.16,21.1,21.22,8.2,6.73,9.59
Odisha,BHADRAK,378.0,34.09,27.0,25.38,29.46,27.27,30.2,32.51,21.5,21.61,8.6,5.45,4.71
Odisha,BOUDH,391.0,30.44,23.35,21.73,26.25,26.41,29.34,31.65,21.59,21.7,8.69,6.06,8.92
Odisha,CUTTACK,381.0,33.23,26.15,24.53,29.02,26.83,29.75,32.07,21.06,21.17,8.16,4.76,6.85
Odisha,DEOGARH,373.0,30.0,22.92,21.29,25.98,27.54,30.62,32.94,22.87,22.99,9.97,5.08,6.75
Odisha,DHENKANAL,383.0,32.48,25.39,23.77,28.46,27.93,30.86,33.17,22.16,22.27,9.26,2.65,7.08
Odisha,GAJAPATI,389.0,35.44,25.76,23.63,24.69,22.51,25.43,27.75,16.74,16.85,3.84,10.72,11.86
Odisha,GANJAM,388.0,31.77,24.68,23.06,25.74,23.55,26.48,28.79,17.78,17.9,4.88,7.95,9.09
Odisha,JAGATSINGHPUR,380.0,34.09,27.0,25.38,28.67,26.49,29.41,31.72,20.71,20.83,7.81,5.61,6.75
Odisha,JAJAPUR,382.0,33.37,26.28,24.66,28.93,26.75,29.67,31.99,20.97,21.09,8.07,4.73,5.12
Odisha,JHARSUGUDA,371.0,29.31,22.46,20.84,25.52,27.08,32.1,34.41,24.42,24.54,11.52,6.27,7.94
Odisha,KALAHANDI,395.0,29.5,22.41,20.79,23.46,23.62,26.55,28.86,18.8,18.91,5.9,8.32,11.18
Odisha,KANDHAMAL,390.0,30.29,23.2,21.58,25.99,25.31,28.23,30.54,19.53,19.65,6.63,9.11,10.84
Odisha,KENDRAPARA,379.0,34.41,27.33,25.7,30.39,29.87,32.79,35.1,24.09,24.21,11.19,1.0,7.73
Odisha,KEONJHAR (KENDUJHAR),375.0,31.66,24.58,22.95,27.64,28.01,30.93,33.25,22.24,22.35,9.34,3.03,4.98
Odisha,KHORDHA,386.0,33.57,26.49,24.86,26.78,24.6,27.52,29.84,18.82,18.94,5.92,5.66,6.8
Odisha,KORAPUT,398.0,31.21,21.53,19.41,21.16,21.32,24.24,26.56,16.89,17.01,3.99,10.64,13.51
Odisha,MALKANGIRI,399.0,30.03,20.35,18.23,19.97,20.14,23.06,25.37,16.86,16.98,5.29,11.94,14.8
Odisha,MAYURBHANJ,376.0,33.49,26.56,24.93,29.62,30.33,33.26,35.57,24.56,24.67,11.66,5.29,4.12
Odisha,NABARANGAPUR,397.0,31.19,23.51,21.39,23.14,23.3,26.22,28.54,18.47,18.59,5.57,10.01,12.87
Odisha,NAYAGARH,385.0,32.2,25.12,23.49,28.02,26.05,28.97,31.29,20.27,20.39,7.38,6.51,7.65
Odisha,NUAPARHA,394.0,27.17,20.08,18.46,23.15,24.71,29.04,31.35,21.29,21.4,8.39,8.96,11.83
Odisha,PURI,387.0,34.53,27.44,25.82,28.59,26.41,29.33,31.65,20.63,20.75,7.73,6.05,7.19
Odisha,RAYAGARHA,396.0,34.01,24.33,22.21,23.96,24.12,27.04,29.36,18.76,18.87,5.86,13.04,14.28
Odisha,SAMBALPUR,372.0,29.36,22.28,20.66,25.34,26.9,31.86,34.17,24.11,24.23,11.21,5.96,7.63
Odisha,SUBARNAPUR,392.0,29.66,22.58,20.96,25.48,25.64,28.56,30.88,20.81,20.93,7.91,5.89,8.75
Odisha,SUNDARGARH,374.0,31.36,24.28,22.66,27.34,28.9,32.35,34.66,23.72,23.83,10.82,5.5,7.09
Puducherry,KARAIKAL,637.0,35.78,24.02,21.05,16.14,12.3,14.79,17.1,8.64,8.75,18.62,29.26,30.4
Puducherry,PUDUCHERRY,635.0,33.94,22.18,19.21,14.3,10.45,12.94,15.26,6.79,6.91,16.78,27.42,28.56
Punjab,AMRITSAR,49.0,15.35,24.17,24.99,35.71,37.27,45.44,47.75,40.35,40.47,35.66,32.6,31.16
Punjab,BARNALA,54.0,13.15,21.97,22.79,33.51,35.07,43.24,45.55,37.51,37.62,33.61,30.55,29.11
Punjab,BATHINDA,46.0,12.51,21.32,22.15,32.87,34.43,42.6,44.91,38.11,38.23,34.31,31.25,29.81
Punjab,FARIDKOT,45.0,13.12,21.93,22.76,33.48,35.04,43.21,45.52,38.72,38.84,34.51,31.45,30.01
Punjab,FATEHGARH SAHIB,40.0,15.39,23.79,24.62,34.76,36.32,43.42,45.73,37.35,37.47,32.24,29.18,27.74
Punjab,FAZILKA,673.0,13.14,21.96,22.78,33.5,35.06,43.23,45.54,38.56,38.68,34.76,31.7,30.26
Punjab,FIROZPUR,43.0,13.77,22.58,23.4,34.13,35.68,43.85,46.17,39.19,39.3,34.56,31.5,30.06
Punjab,GURDASPUR,35.0,15.9,24.71,25.53,36.25,37.81,45.98,48.3,40.59,40.71,35.11,32.05,30.62
Punjab,HOSHIARPUR,38.0,15.64,24.46,25.28,36.0,37.56,45.35,47.66,39.29,39.4,33.79,30.73,29.29
Punjab,JALANDHAR,37.0,14.74,23.56,24.38,35.1,36.66,44.83,47.14,38.95,39.07,33.58,30.52,29.08
Punjab,KAPURTHALA,36.0,14.97,23.78,24.6,35.33,36.88,45.05,47.37,39.38,39.5,34.01,30.95,29.51
Punjab,LUDHIANA,41.0,14.87,23.68,24.51,35.23,36.78,44.24,46.56,38.18,38.3,33.0,29.94,28.5
Punjab,MALER KOTLA,748.0,15.62,24.43,25.25,35.97,37.53,44.67,46.98,38.6,38.72,33.42,30.36,28.92
Punjab,MANSA,47.0,13.52,22.33,23.15,33.88,35.43,43.41,45.72,37.34,37.46,33.64,30.58,29.14
Punjab,MOGA,42.0,13.56,22.38,23.2,33.92,35.48,43.65,45.96,38.49,38.61,33.84,30.78,29.34
Punjab,PATHANKOT,678.0,16.56,25.37,26.2,36.92,38.48,46.63,48.94,40.57,40.68,35.09,32.03,30.59
Punjab,PATIALA,48.0,14.65,23.46,24.28,34.95,36.51,43.61,45.92,37.55,37.66,32.44,29.38,27.94
Punjab,RUPNAGAR,51.0,16.12,24.46,25.28,35.43,36.99,44.08,46.4,38.02,38.14,32.52,29.46,28.02
Punjab,SANGRUR,53.0,13.88,22.69,23.51,34.24,35.79,42.97,45.28,36.9,37.02,33.16,30.1,28.66
Punjab,SAS NAGAR (SAHIBZADA AJIT SINGH NAGAR),52.0,15.36,23.53,24.35,34.5,36.06,43.08,45.39,37.02,37.13,31.51,28.45,27.01
Punjab,SHAHID BHAGAT SINGH NAGAR,39.0,15.64,24.46,25.28,35.57,37.12,44.22,46.54,38.16,38.27,32.66,29.6,28.16
Punjab,SRI MUKTSAR SAHIB,44.0,12.53,21.34,22.17,32.89,34.44,42.61,44.93,37.95,38.07,34.14,31.08,29.64
Punjab,TARN TARAN,50.0,14.54,23.35,24.18,34.9,36.46,44.62,46.94,39.54,39.65,34.89,31.83,30.39
Rajasthan,AJMER,119.0,10.2,15.4,16.22,26.94,28.5,36.53,38.84,30.46,30.58,27.4,27.08,26.24
Rajasthan,ALWAR,104.0,13.81,19.03,19.85,30.0,31.56,38.65,40.97,32.59,32.71,29.45,26.5,25.06
Rajasthan,BALOTRA,785.0,6.15,15.31,16.13,26.85,28.41,36.58,38.89,33.97,34.09,31.69,31.38,30.38
Rajasthan,BANSWARA,125.0,11.5,10.13,10.96,21.53,23.09,31.25,33.57,27.96,28.08,28.9,28.6,28.54
Rajasthan,BARAN,128.0,12.74,16.83,17.65,23.54,25.1,32.2,34.51,26.13,26.25,23.07,22.75,22.83
Rajasthan,BARMER,115.0,8.55,17.7,18.52,29.24,30.8,38.97,41.29,36.36,36.48,34.08,33.77,32.77
Rajasthan,BEAWAR,779.0,9.04,14.61,15.43,26.15,27.71,35.88,38.2,31.51,31.63,28.45,28.13,27.14
Rajasthan,BHARATPUR,105.0,15.45,20.66,21.49,29.67,31.22,37.39,39.71,31.33,31.44,25.82,22.87,21.43
Rajasthan,BHILWARA,122.0,9.89,14.03,14.85,25.58,27.13,35.22,37.54,29.16,29.27,26.09,25.78,25.72
Rajasthan,BIKANER,101.0,17.09,22.3,23.13,33.27,34.83,41.93,44.24,35.86,35.98,32.8,30.74,29.3
Rajasthan,BUNDI,121.0,11.62,15.7,16.53,25.14,26.7,33.8,36.11,27.73,27.85,24.67,24.35,24.3
Rajasthan,CHITTAURGARH,126.0,8.55,12.8,13.62,24.34,25.9,34.07,36.39,29.64,29.76,26.58,26.26,26.21
Rajasthan,CHURU,102.0,14.92,20.14,20.96,31.11,32.67,39.76,42.08,33.7,33.82,30.63,28.58,27.14
Rajasthan,DAUSA,109.0,14.06,19.28,20.1,29.3,30.85,37.95,40.27,31.89,32.0,27.18,24.23,22.79
Rajasthan,DEEG,774.0,15.4,20.62,21.44,31.59,33.15,40.24,42.56,34.18,34.3,31.05,28.09,26.65
Rajasthan,DHAULPUR,106.0,16.7,21.21,22.03,30.65,32.21,39.3,41.62,33.24,33.36,29.27,26.87,25.43
Rajasthan,DIDWANA-KUCHAMAN,787.0,16.59,21.81,22.63,32.77,34.33,41.43,43.74,35.36,35.48,32.3,30.24,28.8
Rajasthan,DUNGARPUR,124.0,7.63,10.37,11.2,21.92,23.48,31.65,33.96,29.04,29.15,29.98,30.12,30.07
Rajasthan,GANGANAGAR,99.0,14.85,23.67,24.49,35.21,36.77,44.94,47.25,40.12,40.24,36.46,33.4,31.97
Rajasthan,HANUMANGARH,100.0,10.86,19.67,20.49,31.22,32.77,40.94,43.26,38.3,38.42,34.77,31.71,30.27
Rajasthan,JAIPUR,110.0,11.99,17.21,18.03,28.18,29.74,36.83,39.15,30.77,30.89,27.7,25.8,24.36
Rajasthan,JAISALMER,114.0,21.62,26.84,27.66,37.81,39.37,46.46,48.78,40.4,40.52,37.33,35.28,33.84
Rajasthan,JALOR,116.0,5.97,15.12,15.95,26.67,28.23,36.4,38.71,33.79,33.9,32.93,32.62,31.62
Rajasthan,JHALAWAR,129.0,13.13,17.22,16.62,22.37,23.93,31.03,33.34,24.97,25.08,21.9,21.58,23.25
Rajasthan,JHUNJHUNUN,103.0,15.24,20.45,21.28,31.42,32.98,40.08,42.39,34.01,34.13,30.94,28.89,27.45
Rajasthan,JODHPUR,113.0,7.28,15.17,16.0,26.72,28.28,36.45,38.76,33.8,33.92,30.73,30.42,29.42
Rajasthan,KARAULI,107.0,15.72,20.23,21.06,29.67,31.23,38.33,40.64,32.26,32.38,28.29,25.89,24.45
Rajasthan,KHAIRTHAL-TIJARA,777.0,14.61,19.82,20.65,30.79,32.35,39.45,41.76,33.38,33.5,30.25,27.29,25.86
Rajasthan,KOTA,127.0,11.42,15.51,16.33,24.56,26.12,33.22,35.53,27.15,27.27,24.09,23.77,23.18
Rajasthan,KOTPUTLI-BEHROR,780.0,13.51,18.73,19.55,29.7,31.25,38.35,40.67,32.29,32.4,29.15,26.2,24.76
Rajasthan,NAGAUR,112.0,16.93,22.15,22.97,33.11,34.67,41.77,44.08,35.7,35.82,32.64,30.58,29.14
Rajasthan,PALI,118.0,8.32,14.27,15.09,25.81,27.37,35.54,37.86,32.93,33.05,30.37,30.06,29.06
Rajasthan,PHALODI,783.0,19.2,24.41,25.24,35.38,36.94,44.04,46.35,37.97,38.09,34.91,32.85,31.41
Rajasthan,PRATAPGARH,131.0,10.67,11.63,12.45,23.03,24.58,32.75,35.07,29.46,29.58,28.08,27.77,27.71
Rajasthan,RAJSAMAND,123.0,8.8,12.94,13.76,24.49,26.04,34.21,36.53,31.11,31.23,28.05,27.73,27.68
Rajasthan,SALUMBAR,775.0,7.96,10.71,11.53,22.25,23.81,31.98,34.3,29.37,29.49,30.31,30.4,30.34
Rajasthan,SAWAI MADHOPUR,108.0,14.55,18.63,19.46,28.07,29.63,36.73,39.04,30.66,30.78,26.69,25.5,24.06
Rajasthan,SIKAR,111.0,13.71,18.92,19.75,29.89,31.45,38.55,40.86,32.48,32.6,29.41,27.36,25.92
Rajasthan,SIROHI,117.0,6.57,12.52,13.34,24.06,25.62,33.79,36.11,31.18,31.3,29.7,29.38,29.33
Rajasthan,TONK,120.0,13.07,17.16,17.98,26.6,28.15,35.25,37.57,29.19,29.3,26.12,25.81,25.01
Rajasthan,UDAIPUR,130.0,7.44,10.91,11.73,22.45,24.01,32.18,34.5,29.57,29.69,28.62,28.3,28.25
Sikkim,GANGTOK,244.0,34.61,37.4,35.77,40.46,41.58,44.5,46.82,35.8,35.92,22.9,17.93,10.99
Sikkim,GYALSHING,242.0,35.37,38.15,36.53,41.22,42.33,45.26,47.57,36.56,36.67,23.66,18.69,11.74
Sikkim,MANGAN,241.0,35.97,38.76,37.13,41.82,42.94,45.86,48.18,37.16,37.28,24.26,19.29,12.35
Sikkim,NAMCHI,243.0,34.63,37.41,35.79,40.48,41.6,44.52,46.83,35.82,35.94,22.92,17.95,11.01
Sikkim,PAKYONG,702.0,34.42,37.21,35.58,40.27,41.39,44.31,46.63,35.61,35.73,22.71,17.74,10.8
Sikkim,SORENG,701.0,35.25,38.04,36.41,41.1,42.22,45.14,47.46,36.44,36.56,23.54,18.57,11.63
Tamil Nadu,ARIYALUR,616.0,35.66,23.9,20.93,16.02,12.17,14.66,16.98,8.51,8.63,18.5,29.14,30.28
Tamil Nadu,CHENGALPATTU,754.0,32.92,21.16,18.19,13.28,9.43,11.92,14.24,5.01,5.12,15.0,25.63,26.77
Tamil Nadu,CHENNAI,603.0,33.08,21.32,18.35,13.44,9.59,12.08,14.4,5.17,5.28,15.16,25.79,26.93
Tamil Nadu,COIMBATORE,632.0,33.79,22.03,19.06,14.15,10.3,3.09,5.96,10.52,10.64,20.09,30.73,31.87
Tamil Nadu,CUDDALORE,617.0,34.58,22.82,19.85,14.94,11.1,13.59,15.9,7.44,7.55,17.42,28.06,29.2
Tamil Nadu,DHARMAPURI,630.0,30.38,18.62,15.65,10.73,6.89,5.82,8.14,7.11,7.23,16.68,27.31,28.45
Tamil Nadu,DINDIGUL,612.0,34.4,22.64,19.67,14.76,10.91,4.58,4.2,11.13,11.25,20.7,31.34,32.48
Tamil Nadu,ERODE,610.0,34.69,22.92,19.95,15.04,11.2,4.37,7.31,11.42,11.53,20.98,31.62,32.76
Tamil Nadu,KALLAKURICHI,760.0,34.4,22.64,19.67,14.76,10.92,13.41,15.72,7.26,7.38,17.25,27.88,29.02
Tamil Nadu,KANCHEEPURAM,604.0,32.31,20.55,17.58,12.66,8.82,11.31,13.63,4.4,4.51,14.38,25.02,26.16
Tamil Nadu,KANNIYAKUMARI,629.0,39.18,27.42,24.45,19.54,15.7,7.79,2.5,15.92,16.03,25.48,36.12,37.26
Tamil Nadu,KARUR,613.0,36.61,24.84,21.88,16.96,13.12,6.73,5.94,13.34,13.46,22.91,33.54,34.68
Tamil Nadu,KRISHNAGIRI,631.0,29.98,18.22,15.25,10.34,6.5,6.52,8.84,6.72,6.83,16.28,26.92,28.06
Tamil Nadu,MADURAI,623.0,35.41,23.65,20.68,15.76,11.92,3.9,3.11,12.14,12.26,21.71,32.34,33.48
Tamil Nadu,MAYILADUTHURAI,696.0,35.15,23.39,20.42,15.51,11.67,14.16,16.47,8.01,8.13,18.0,28.63,29.77
Tamil Nadu,NAGAPATTINAM,618.0,36.31,24.55,21.58,16.67,12.83,15.32,17.63,9.17,9.28,19.16,29.79,30.93
Tamil Nadu,NAMAKKAL,609.0,31.98,20.22,17.25,12.33,8.49,5.39,7.15,8.71,8.83,18.28,28.92,30.05
Tamil Nadu,PERAMBALUR,615.0,34.76,23.0,20.03,15.12,11.28,13.77,16.08,7.62,7.73,17.6,28.24,29.38
Tamil Nadu,PUDUKKOTTAI,621.0,36.6,24.83,21.86,16.95,13.11,15.6,17.91,9.45,9.57,19.44,30.07,31.21
Tamil Nadu,RAMANATHAPURAM,626.0,38.63,26.87,23.9,18.98,15.14,17.63,19.95,11.48,11.6,21.47,32.11,33.25
Tamil Nadu,RANIPET,750.0,31.63,19.87,16.9,11.98,8.14,10.63,12.95,3.72,3.83,13.7,24.34,25.48
Tamil Nadu,SALEM,608.0,31.45,19.69,16.72,11.81,7.97,5.22,7.54,8.19,8.3,17.75,28.39,29.53
Tamil Nadu,SIVAGANGA,622.0,37.19,25.43,22.46,17.55,13.7,16.19,18.51,10.04,10.16,20.03,30.67,31.81
Tamil Nadu,TENKASI,764.0,38.01,26.24,23.27,18.36,14.52,6.62,2.4,14.74,14.85,24.3,34.94,36.08
Tamil Nadu,THANJAVUR,620.0,36.26,24.49,21.52,16.61,12.77,15.26,17.57,9.11,9.23,19.1,29.73,30.87
Tamil Nadu,THE NILGIRIS,611.0,34.73,22.97,20.0,15.09,11.25,4.42,7.36,11.47,11.58,21.03,31.67,32.81
Tamil Nadu,THENI,624.0,35.97,24.2,21.24,16.32,12.48,3.42,5.22,12.7,12.81,22.27,32.9,34.04
Tamil Nadu,THIRUVARUR,619.0,36.86,25.09,22.13,17.21,13.37,15.86,18.17,9.71,9.83,19.7,30.34,31.48
Tamil Nadu,THOOTHUKUDI,627.0,38.49,26.73,23.76,18.85,15.0,7.1,0.62,15.22,15.34,24.79,35.43,36.57
Tamil Nadu,TIRUCHIRAPPALLI,614.0,35.54,23.78,20.81,15.9,12.05,14.54,16.86,8.39,8.51,18.38,29.02,30.16
Tamil Nadu,TIRUNELVELI,628.0,38.39,26.63,23.66,18.75,14.91,7.0,1.71,15.13,15.24,24.69,35.33,36.47
Tamil Nadu,TIRUPATHUR,751.0,32.48,20.72,17.75,12.84,8.99,9.57,11.89,5.33,5.44,15.31,25.95,27.09
Tamil Nadu,TIRUPPUR,633.0,33.61,21.85,18.88,13.97,10.13,3.93,5.0,10.34,10.46,19.91,30.55,31.69
Tamil Nadu,TIRUVALLUR,602.0,32.95,21.43,18.46,13.54,9.8,12.29,14.6,0.73,0.85,13.16,23.8,24.94
Tamil Nadu,TIRUVANNAMALAI,606.0,32.47,20.71,17.74,12.82,8.98,11.47,13.79,5.32,5.44,15.31,25.95,27.09
Tamil Nadu,VELLORE,605.0,31.59,19.82,16.86,11.94,8.1,9.94,12.25,4.43,4.55,14.42,25.06,26.2
Tamil Nadu,VILUPPURAM,607.0,34.81,23.05,20.08,15.17,11.33,13.82,16.13,7.67,7.78,17.66,28.29,29.43
Tamil Nadu,VIRUDHUNAGAR,625.0,36.39,24.63,21.66,16.75,12.91,5.0,2.44,13.13,13.24,22.69,33.33,34.47
Telangana,ADILABAD,532.0,22.65,12.97,10.85,14.71,16.27,20.63,22.95,14.57,14.69,14.1,17.11,18.78
Telangana,BHADRADRI KOTHAGUDEM,739.0,27.24,17.55,15.43,17.18,17.34,20.27,22.58,14.06,14.18,8.41,15.06,17.92
Telangana,HANUMAKONDA,731.0,24.64,14.96,12.84,14.81,15.5,18.42,20.74,12.36,12.48,10.35,17.33,20.2
Telangana,HYDERABAD,536.0,24.56,14.53,11.56,12.72,13.47,16.39,18.71,10.33,10.45,10.38,18.66,21.52
Telangana,JAGTIAL,714.0,22.67,12.99,10.87,14.03,15.59,19.95,22.26,13.89,14.0,11.77,18.76,20.57
Telangana,JANGAON,737.0,25.01,15.33,12.94,14.1,14.79,17.71,20.03,11.65,11.77,10.72,17.7,20.56
Telangana,JAYASHANKAR BHUPALPALLI,736.0,25.3,15.62,13.5,16.66,18.21,22.58,24.89,16.51,16.63,14.4,17.97,19.64
Telangana,JOGULAMBA GADWAL,744.0,26.04,15.72,12.75,12.95,10.76,13.68,16.0,9.09,9.2,12.9,21.67,24.53
Telangana,KAMAREDDY,719.0,22.44,12.76,9.87,12.76,14.32,19.59,21.9,14.86,14.97,15.55,20.97,22.64
Telangana,KARIMNAGAR,534.0,23.65,13.96,11.84,14.92,16.29,19.21,21.53,13.15,13.26,10.9,17.88,20.75
Telangana,KHAMMAM,541.0,29.29,19.61,16.78,17.94,18.03,20.95,23.27,14.75,14.87,7.72,18.36,19.5
Telangana,KUMURAM BHEEM,705.0,24.56,15.35,13.23,17.09,18.65,23.01,25.33,16.95,17.06,16.48,16.71,18.38
Telangana,MAHABUBABAD,738.0,25.7,16.02,13.89,16.1,16.29,19.21,21.53,13.01,13.13,9.34,15.99,18.85
Telangana,MAHBUBNAGAR,538.0,24.19,13.87,10.9,12.06,11.88,14.8,17.12,10.07,10.19,11.5,20.27,23.13
Telangana,MANCHERIAL,697.0,25.07,15.85,13.73,17.6,19.16,23.52,25.83,17.46,17.57,16.99,17.22,18.89
Telangana,MEDAK,535.0,23.19,13.51,10.62,12.24,13.8,18.9,21.22,14.17,14.29,15.3,21.72,23.39
Telangana,MEDCHAL-MALKAJGIRI,749.0,24.35,14.67,11.88,13.04,13.83,16.75,19.06,10.68,10.8,10.74,19.01,21.88
Telangana,MULUGU,762.0,25.88,16.2,14.08,16.29,16.98,19.9,22.22,13.84,13.95,11.01,17.66,20.52
Telangana,NAGARKURNOOL,743.0,25.63,15.32,12.35,13.51,12.87,15.8,18.11,8.62,8.74,10.05,19.8,21.83
Telangana,NALGONDA,539.0,26.76,16.45,13.48,14.64,14.0,16.93,19.24,10.73,10.84,9.62,17.98,20.84
Telangana,NARAYANPET,763.0,24.75,13.61,10.64,11.51,12.33,15.26,17.57,10.66,10.78,16.14,25.39,27.06
Telangana,NIRMAL,700.0,21.54,11.85,9.73,13.55,15.11,19.47,21.79,13.41,13.53,12.94,17.76,19.44
Telangana,NIZAMABAD,533.0,22.09,12.4,9.94,12.83,14.39,19.14,21.46,13.08,13.19,12.95,18.54,20.21
Telangana,PEDDAPALLI,715.0,24.45,14.77,12.65,15.81,17.37,21.73,24.05,15.67,15.78,13.55,18.5,20.17
Telangana,RAJANNA SIRCILLA,717.0,26.81,17.12,14.5,15.66,16.35,19.28,21.59,13.21,13.33,12.51,19.49,22.36
Telangana,RANGA REDDY,537.0,25.27,15.24,12.27,13.44,13.22,16.14,18.46,10.08,10.19,11.03,19.31,22.18
Telangana,SANGAREDDY,740.0,22.92,13.24,10.35,12.99,14.55,19.65,21.97,14.92,15.04,16.03,21.44,23.11
Telangana,SIDDIPET,741.0,25.84,16.16,13.54,14.7,15.39,18.31,20.62,12.25,12.36,11.54,18.53,21.39
Telangana,SURYAPET,745.0,26.45,16.71,13.74,14.91,14.99,17.91,20.23,11.71,11.83,8.16,17.15,19.94
Telangana,VIKARABAD,747.0,23.71,13.4,10.43,11.59,13.08,16.0,18.31,11.27,11.38,12.02,20.3,23.16
Telangana,WANAPARTHY,742.0,25.37,15.06,12.09,13.03,10.84,13.77,16.08,9.17,9.29,12.23,21.01,23.87
Telangana,WARANGAL,540.0,25.53,15.85,13.73,15.94,16.62,19.55,21.86,13.48,13.6,9.99,16.64,19.51
Telangana,YADADRI BHUVANAGIRI,746.0,26.21,16.53,14.33,15.49,15.65,18.57,20.89,12.37,12.49,9.73,17.27,20.14
Tripura,DHALAI,291.0,46.4,48.41,46.78,51.47,51.82,54.74,57.06,46.05,46.16,33.15,28.17,21.23
Tripura,GOMTI,725.0,48.57,50.58,48.95,53.64,53.99,56.91,59.23,48.22,48.33,35.32,30.34,23.4
Tripura,KHOWAI,698.0,46.87,48.88,47.25,51.94,52.29,55.21,57.53,46.52,46.63,33.62,28.64,21.7
Tripura,NORTH TRIPURA,292.0,46.66,48.66,47.04,51.73,52.08,55.0,57.32,46.3,46.42,33.4,28.43,21.49
Tripura,SEPAHIJALA,699.0,48.0,50.0,48.38,53.07,53.42,56.34,58.66,47.64,47.76,34.74,29.77,22.83
Tripura,SOUTH TRIPURA,290.0,48.73,50.74,49.12,53.8,54.15,57.08,59.39,48.38,48.5,35.48,30.51,23.56
Tripura,UNAKOTI,706.0,45.55,47.56,45.93,50.62,50.97,53.9,56.21,45.2,45.32,32.3,27.33,20.38
Tripura,WEST TRIPURA,289.0,47.49,49.5,47.87,52.56,52.91,55.83,58.15,47.14,47.25,34.24,29.26,22.32
Uttar Pradesh,AGRA,146.0,17.11,22.33,21.52,27.27,28.83,35.0,37.31,28.94,29.05,23.43,21.76,20.32
Uttar Pradesh,ALIGARH,143.0,17.99,23.21,23.67,29.42,30.98,37.15,39.46,31.09,31.2,25.58,22.52,21.08
Uttar Pradesh,AMBEDKAR NAGAR,178.0,23.19,26.5,24.88,29.57,31.13,36.14,38.46,30.08,30.19,22.29,16.13,14.69
Uttar Pradesh,AMETHI,661.0,21.39,24.79,23.17,27.86,29.42,34.43,36.75,28.37,28.48,22.54,16.37,14.94
Uttar Pradesh,AMROHA,137.0,18.57,23.79,24.61,31.93,33.49,39.66,41.97,33.59,33.71,28.09,23.55,22.11
Uttar Pradesh,AURAIYA,162.0,19.33,23.77,22.89,28.65,30.2,35.67,37.98,29.6,29.72,23.96,20.5,19.06
Uttar Pradesh,AYODHYA,177.0,21.94,25.67,24.05,28.73,30.29,35.31,37.62,29.24,29.36,23.1,16.94,15.51
Uttar Pradesh,AZAMGARH,191.0,24.01,25.24,23.62,28.31,29.86,34.88,37.19,28.81,28.93,20.91,14.75,13.31
Uttar Pradesh,BAGHPAT,139.0,17.09,22.31,23.13,32.07,33.62,39.79,42.1,33.73,33.84,28.22,25.16,23.73
Uttar Pradesh,BAHRAICH,180.0,24.54,28.46,26.84,31.52,33.08,38.1,40.41,32.03,32.15,25.36,19.2,17.76
Uttar Pradesh,BALLIA,193.0,25.78,26.97,25.34,30.03,31.59,36.6,38.92,30.54,30.66,19.33,13.16,11.73
Uttar Pradesh,BALRAMPUR,182.0,23.74,27.65,26.03,30.72,32.28,37.29,39.61,31.23,31.34,24.0,17.84,16.4
Uttar Pradesh,BANDA,170.0,19.35,22.23,20.6,26.1,27.65,32.67,34.98,26.6,26.72,20.97,17.37,15.93
Uttar Pradesh,BARA BANKI,176.0,20.86,24.95,24.18,29.5,31.05,36.07,38.38,30.0,30.12,24.1,17.94,16.5
Uttar Pradesh,BAREILLY,150.0,20.37,25.58,25.03,30.78,32.34,38.08,40.39,32.01,32.13,26.51,21.37,19.93
Uttar Pradesh,BASTI,185.0,22.71,26.63,25.0,29.69,31.25,36.26,38.58,30.2,30.32,22.74,16.58,15.14
Uttar Pradesh,BHADOHI,198.0,23.01,23.87,22.24,26.93,28.49,33.51,35.82,27.44,27.56,21.58,15.42,13.99
Uttar Pradesh,BIJNOR,134.0,21.05,26.26,27.09,33.16,34.72,40.81,43.13,34.75,34.86,29.11,24.21,22.77
Uttar Pradesh,BUDAUN,149.0,18.85,24.07,24.54,30.29,31.85,38.01,40.33,31.95,32.07,26.45,23.39,21.95
Uttar Pradesh,BULANDSHAHR,142.0,18.52,23.74,24.56,30.81,32.37,38.54,40.85,32.48,32.59,26.97,23.91,22.47
Uttar Pradesh,CHANDAULI,196.0,25.06,26.25,24.62,29.31,30.87,35.89,38.2,29.82,29.94,19.12,12.96,11.52
Uttar Pradesh,CHITRAKOOT,171.0,20.02,22.9,21.28,26.53,28.09,33.11,35.42,27.04,27.16,21.4,16.09,14.65
Uttar Pradesh,DEORIA,190.0,24.7,27.68,26.05,30.74,32.3,37.31,39.63,31.25,31.37,20.63,14.47,13.03
Uttar Pradesh,ETAH,201.0,17.7,22.92,23.38,29.13,30.69,36.69,39.01,30.63,30.75,24.99,22.01,20.57
Uttar Pradesh,ETAWAH,161.0,18.39,22.73,21.86,27.61,29.17,34.9,37.22,28.84,28.96,23.34,19.29,17.85
Uttar Pradesh,FARRUKHABAD,159.0,19.69,24.14,23.26,29.01,30.57,36.31,38.62,30.24,30.36,24.74,20.87,19.43
Uttar Pradesh,FATEHPUR,172.0,20.19,24.22,22.6,27.29,28.84,33.86,36.17,27.8,27.91,22.16,16.04,14.61
Uttar Pradesh,FIROZABAD,147.0,17.17,22.38,22.85,28.6,30.16,35.93,38.25,29.87,29.98,24.37,20.49,19.06
Uttar Pradesh,GAUTAM BUDDHA NAGAR,141.0,18.21,23.43,24.25,31.19,32.75,38.92,41.23,32.85,32.97,27.35,24.29,22.85
Uttar Pradesh,GHAZIABAD,140.0,17.49,22.71,23.53,31.46,33.02,39.19,41.5,33.12,33.24,27.62,24.56,23.12
Uttar Pradesh,GHAZIPUR,195.0,24.58,25.81,24.18,28.87,30.43,35.44,37.76,29.38,29.5,19.41,13.25,11.81
Uttar Pradesh,GONDA,183.0,22.83,26.74,25.12,29.81,31.37,36.38,38.7,30.32,30.44,23.74,17.58,16.15
Uttar Pradesh,GORAKHPUR,188.0,23.85,26.66,25.04,29.72,31.28,36.3,38.61,30.23,30.35,21.12,14.96,13.52
Uttar Pradesh,HAMIRPUR,168.0,19.49,22.37,20.75,26.24,27.8,32.82,35.13,26.75,26.87,21.11,19.05,17.61
Uttar Pradesh,HAPUR,665.0,18.01,23.23,24.05,31.19,32.75,38.92,41.23,32.85,32.97,27.35,23.91,22.47
Uttar Pradesh,HARDOI,155.0,20.35,24.69,23.07,28.56,30.12,35.13,37.45,29.07,29.19,23.43,19.12,17.68
Uttar Pradesh,HATHRAS,144.0,17.46,22.68,23.13,28.88,30.44,36.61,38.92,30.54,30.66,25.04,22.0,20.56
Uttar Pradesh,JALAUN,165.0,17.62,21.71,21.33,27.08,28.64,33.69,36.01,27.63,27.74,21.99,19.29,17.86
Uttar Pradesh,JAUNPUR,194.0,23.55,24.78,23.16,27.84,29.4,34.42,36.73,28.35,28.47,21.08,14.92,13.48
Uttar Pradesh,JHANSI,166.0,15.97,20.06,19.68,25.43,26.99,32.04,34.35,25.98,26.09,20.34,19.67,18.98
Uttar Pradesh,KANNAUJ,160.0,19.59,24.03,22.96,28.45,30.01,35.02,37.34,28.96,29.08,23.32,20.34,18.9
Uttar Pradesh,KANPUR DEHAT,163.0,18.73,22.82,22.44,28.19,29.75,34.8,37.12,28.74,28.85,23.1,18.18,16.74
Uttar Pradesh,KANPUR NAGAR,164.0,18.71,22.8,22.42,28.17,29.73,34.78,37.09,28.72,28.83,23.08,17.32,15.88
Uttar Pradesh,KASGANJ,202.0,18.5,23.72,24.19,29.94,31.5,37.67,39.98,31.6,31.72,26.1,23.04,21.6
Uttar Pradesh,KAUSHAMBI,174.0,20.72,23.6,21.98,27.47,29.03,34.05,36.36,27.98,28.1,22.34,17.36,15.92
Uttar Pradesh,KHERI,153.0,23.26,27.6,25.97,31.47,33.03,38.04,40.36,31.98,32.09,26.34,21.49,20.05
Uttar Pradesh,KUSHINAGAR,189.0,24.64,28.13,26.5,31.19,32.75,37.76,40.08,31.7,31.82,21.73,15.57,13.84
Uttar Pradesh,LALITPUR,167.0,17.11,19.77,18.15,23.9,25.46,30.54,32.86,24.48,24.6,20.52,19.86,20.74
Uttar Pradesh,LUCKNOW,157.0,20.03,24.12,23.36,28.85,30.41,35.42,37.74,29.36,29.48,23.72,17.59,16.15
Uttar Pradesh,MAHOBA,169.0,17.86,21.38,19.76,25.25,26.81,31.83,34.14,25.76,25.88,20.12,18.49,17.05
Uttar Pradesh,MAHRAJGANJ,187.0,24.72,27.96,26.34,31.03,32.58,37.6,39.91,31.53,31.65,22.42,16.26,14.72
Uttar Pradesh,MAINPURI,148.0,18.81,24.03,24.03,29.52,31.08,36.09,38.41,30.03,30.15,24.39,21.41,19.97
Uttar Pradesh,MATHURA,145.0,17.41,22.63,22.51,28.26,29.82,35.99,38.3,29.92,30.04,24.42,22.05,20.61
Uttar Pradesh,MAU,192.0,26.51,27.7,26.08,30.77,32.32,37.34,39.65,31.27,31.39,20.06,13.9,12.46
Uttar Pradesh,MEERUT,138.0,17.56,22.78,23.6,31.65,33.21,39.38,41.69,33.31,33.43,27.81,24.25,22.81
Uttar Pradesh,MIRZAPUR,199.0,23.32,23.51,21.88,26.57,28.13,33.15,35.46,27.08,27.2,21.44,16.36,14.92
Uttar Pradesh,MORADABAD,135.0,19.45,24.66,25.49,31.56,33.12,39.29,41.6,33.22,33.34,27.72,22.61,21.17
Uttar Pradesh,MUZAFFARNAGAR,133.0,18.13,23.35,24.17,32.42,33.98,40.14,42.46,34.08,34.19,28.57,25.01,23.58
Uttar Pradesh,PILIBHIT,151.0,23.17,27.39,26.21,31.7,33.26,38.27,40.59,32.21,32.33,26.57,20.79,19.35
Uttar Pradesh,PRATAPGARH,173.0,22.15,23.76,22.14,26.82,28.38,33.4,35.71,27.33,27.45,21.5,15.34,13.9
Uttar Pradesh,PRAYAGRAJ,175.0,21.66,22.85,21.23,25.92,27.48,32.49,34.81,26.43,26.54,20.79,15.01,13.57
Uttar Pradesh,RAE BARELI,158.0,21.03,24.87,23.24,27.93,29.49,34.5,36.82,28.44,28.56,22.61,16.45,15.01
Uttar Pradesh,RAMPUR,136.0,19.93,25.15,25.97,32.04,33.6,39.38,41.69,33.31,33.43,27.8,22.67,21.23
Uttar Pradesh,SAHARANPUR,132.0,17.54,23.67,24.49,33.43,34.99,41.16,43.47,35.1,35.21,29.59,26.53,25.09
Uttar Pradesh,SAMBHAL,663.0,19.18,24.4,24.85,30.61,32.16,38.33,40.65,32.27,32.38,26.76,23.53,22.09
Uttar Pradesh,SANT KABIR NAGAR,186.0,23.87,26.76,25.14,29.83,31.39,36.4,38.72,30.34,30.45,21.83,15.67,14.23
Uttar Pradesh,SHAHJAHANPUR,152.0,20.92,25.36,24.49,30.24,31.8,37.53,39.85,31.47,31.59,25.97,20.42,18.99
Uttar Pradesh,SHAMLI,662.0,16.86,23.07,23.89,34.04,35.59,42.69,45.01,36.63,36.74,32.88,29.82,28.38
Uttar Pradesh,SHRAWASTI,181.0,24.21,28.13,26.51,31.2,32.75,37.77,40.08,31.7,31.82,25.01,18.85,17.41
Uttar Pradesh,SIDDHARTHNAGAR,184.0,23.84,27.76,26.13,30.82,32.38,37.4,39.71,31.33,31.45,23.0,16.84,15.4
Uttar Pradesh,SITAPUR,154.0,21.32,25.4,24.64,30.13,31.69,36.71,39.02,30.64,30.76,24.96,18.8,17.36
Uttar Pradesh,SONBHADRA,200.0,28.73,29.92,28.3,32.98,34.54,39.17,41.49,30.54,30.66,17.64,11.48,10.04
Uttar Pradesh,SULTANPUR,179.0,22.95,26.26,24.64,29.33,30.88,35.9,38.21,29.84,29.95,22.56,16.4,14.96
Uttar Pradesh,UNNAO,156.0,19.46,23.55,22.79,28.28,29.84,34.85,37.17,28.79,28.91,23.15,17.71,16.27
Uttar Pradesh,VARANASI,197.0,23.92,25.15,23.52,28.21,29.77,34.79,37.1,28.72,28.84,20.39,14.23,12.79
Uttarakhand,ALMORA,64.0,22.36,28.77,29.59,36.59,38.15,43.16,45.48,37.1,37.22,31.46,26.96,25.52
Uttarakhand,BAGESHWAR,63.0,22.47,28.88,29.7,35.26,36.82,41.84,44.15,35.77,35.89,30.13,25.63,24.2
Uttarakhand,CHAMOLI,57.0,21.83,28.24,29.06,37.45,39.01,44.12,46.44,38.06,38.18,32.42,27.92,26.48
Uttarakhand,CHAMPAWAT,65.0,22.26,27.48,26.92,32.42,33.98,38.99,41.31,32.93,33.04,27.29,22.79,21.35
Uttarakhand,DEHRAD@N,60.0,17.51,24.89,25.71,34.64,36.2,42.37,44.68,36.3,36.42,30.8,27.39,25.96
Uttarakhand,HARIDWAR,68.0,18.31,24.22,25.05,33.36,34.92,41.09,43.4,35.02,35.14,29.52,25.96,24.52
Uttarakhand,NAINITAL,66.0,24.05,30.46,31.28,36.86,38.41,43.43,45.74,37.37,37.48,31.73,27.23,25.79
Uttarakhand,PAURI GARHWAL,61.0,24.23,29.45,30.27,36.34,37.9,44.0,46.31,37.93,38.05,32.29,27.39,25.95
Uttarakhand,PITHORAGARH,62.0,24.43,30.43,29.87,35.37,36.93,41.94,44.25,35.88,35.99,30.24,25.74,24.3
Uttarakhand,RUDRAPRAYAG,58.0,20.68,27.09,27.91,36.3,37.86,43.89,46.2,37.82,37.94,32.19,27.69,26.25
Uttarakhand,TEHRI GARHWAL,59.0,19.41,25.95,26.77,35.16,36.72,42.88,45.2,36.82,36.94,31.32,27.76,26.32
Uttarakhand,UDHAM SINGH NAGAR,67.0,20.34,25.56,26.38,32.42,33.98,39.12,41.44,33.06,33.17,27.42,22.92,21.48
Uttarakhand,UTTARKASHI,56.0,20.48,27.66,28.48,36.87,38.43,44.6,46.91,38.53,38.65,33.03,29.47,28.03
West Bengal,ALIPUR DUAR,675.0,35.0,37.36,35.74,40.43,40.78,43.7,46.02,35.01,35.12,22.11,17.13,10.19
West Bengal,BANKURA,339.0,32.9,28.81,27.18,31.87,30.91,33.84,36.15,25.14,25.25,12.24,7.54,2.9
West Bengal,BIRBH@M,334.0,34.39,30.85,29.23,33.92,33.24,36.16,38.48,27.46,27.58,14.56,9.59,3.25
West Bengal,DAKSHIN DINAJPUR,331.0,33.85,33.9,32.28,36.96,36.28,39.21,41.52,30.51,30.62,17.61,12.64,5.69
West Bengal,DARJILING,327.0,33.07,35.86,34.24,38.93,40.04,42.97,45.28,34.27,34.38,21.37,16.39,9.45
West Bengal,HAORA,341.0,34.02,28.66,27.04,31.73,30.67,33.6,35.91,24.9,25.02,12.0,7.4,0.64
West Bengal,HUGLI,338.0,35.54,30.21,28.59,33.27,32.22,35.14,37.46,26.45,26.56,13.55,8.95,1.31
West Bengal,JALPAIGURI,328.0,34.54,36.27,34.65,39.34,39.69,42.61,44.92,33.91,34.03,21.01,16.04,9.1
West Bengal,JHARGRAM,727.0,32.41,27.05,25.42,30.11,29.76,32.68,34.99,23.98,24.1,11.08,5.78,2.22
West Bengal,KALIMPONG,716.0,35.5,38.29,36.66,41.35,42.47,45.39,47.71,36.7,36.81,23.8,18.82,11.88
West Bengal,KOCH BIHAR,329.0,35.42,37.43,35.8,40.49,40.84,43.77,46.08,35.07,35.18,22.17,17.2,10.25
West Bengal,KOLKATA,342.0,34.67,29.31,27.69,32.37,31.32,34.24,36.56,25.55,25.66,12.65,8.04,0.1
West Bengal,MALDAH,332.0,33.35,33.13,31.5,36.19,35.51,38.43,40.75,29.74,29.85,16.84,11.86,4.92
West Bengal,MURSHIDABAD,333.0,39.0,33.64,32.02,36.71,35.65,38.58,40.89,29.88,30.0,16.98,12.38,4.75
West Bengal,NADIA,336.0,36.76,31.4,29.78,34.46,33.41,36.33,38.65,27.64,27.75,14.74,10.14,2.5
West Bengal,NORTH TWENTY-FOUR PARGANAS,337.0,35.38,30.02,28.39,33.08,32.03,34.95,37.27,26.25,26.37,13.35,8.75,1.12
West Bengal,PASCHIM BARDDHAMAN,728.0,33.34,29.71,28.09,32.78,32.1,35.02,37.33,26.32,26.44,13.42,8.45,2.93
West Bengal,PASCHIM MEDINIPUR,344.0,33.11,27.75,26.13,30.82,29.76,32.68,35.0,23.99,24.1,11.09,6.49,1.62
West Bengal,PURBA BARDDHAMAN,335.0,34.81,30.75,29.12,33.81,32.76,35.68,38.0,26.98,27.1,14.08,9.48,1.85
West Bengal,PURBA MEDINIPUR,345.0,34.6,29.25,27.62,32.31,31.26,34.18,36.5,25.48,25.6,12.58,7.98,2.13
West Bengal,PURULIYA,340.0,31.07,27.45,25.82,30.51,31.22,34.15,36.46,25.45,25.57,12.55,6.18,4.73
West Bengal,SOUTH 24PARGANAS,343.0,36.5,31.14,29.52,34.21,33.15,36.08,38.39,27.38,27.5,14.48,9.88,1.94
West Bengal,UTTAR DINAJPUR,330.0,32.15,33.88,32.25,36.94,36.99,39.91,42.23,31.21,31.33,18.31,13.34,6.4
